scale,nominal_offered_rps,classification,epsilon_s,fp16_p95_ttft_rep0_s,fp16_p95_ttft_rep1_s,awq_p95_ttft_rep0_s,awq_p95_ttft_rep1_s,p95_advantage_rep0_s,p95_advantage_rep1_s,both_advantages_exceed_noise,queue_p95_lower_both,waiting_area_lower_both,kv_ge095_dwell_lower_both,preemption_relief_gate,throughput_each_at_least_98pct,throughput_mean_no_lower,all_runs_protocol_valid
6.0,0.6666666666666666,FP16-default/non-inferior,0.111,2.17455166565,2.2194098937,2.3553265523999998,2.3288854967,-0.18077488674999964,-0.10947560299999992,False,True,True,True,True,True,True,True
5.75,0.6956521739130435,FP16-default/non-inferior,0.111,2.2059665498000003,2.21155709675,2.33820399115,2.36296281225,-0.1322374413499996,-0.15140571550000015,False,False,True,True,True,True,True,True
5.5,0.7272727272727273,FP16-default/non-inferior,0.5145284109999997,2.7522950106999997,2.2377665997,2.3345106204499997,2.3575487252,0.41778439025,-0.1197821255,False,False,True,True,True,True,True,True
5.25,0.7619047619047619,ambiguous,0.9432840481499998,4.02836567155,3.0850816234,2.3461714519,2.3411548105,1.6821942196499995,0.7439268128999998,False,True,True,True,True,True,True,True
5.0,0.8,AWQ-preferred,0.23945230257874997,4.7795842502,4.798507852949999,2.343763523,2.3441579201000002,2.4358207272000003,2.454349932849999,True,True,True,True,True,True,True,True
4.75,0.8421052631578947,ambiguous,2.1863163902499996,4.6056397063,2.4193233160500003,2.374687344,2.3425798403,2.2309523623,0.07674347575000029,False,False,True,True,True,True,True,True
4.5,0.8888888888888888,AWQ-preferred,0.5151047077587501,10.4315563261,10.17263198425,2.3378481941,2.3847159347,8.093708132,7.78791604955,True,True,True,True,True,True,True,True
4.25,0.9411764705882353,AWQ-preferred,0.7088002792999983,12.6313500041,11.922549724800001,2.3373932800499997,2.8134699286000004,10.29395672405,9.109079796200001,True,True,True,True,True,True,True,True
4.0,1.0,AWQ-preferred,2.201698499649999,17.5283961045,16.6991213878,5.883232699400001,3.6815341997500015,11.6451634051,13.017587188050001,True,True,True,True,True,True,True,True
