scale,nominal_offered_rps,fp16_0_prefill_batch_count_mean,fp16_0_prefill_sequence_count_mean_mean,fp16_0_prefill_sequence_count_p95_mean,fp16_0_prefill_effective_gemm_m_mean_mean,fp16_0_prefill_effective_gemm_m_p95_mean,fp16_0_prefill_execution_duration_s_p50_mean,fp16_0_prefill_execution_duration_s_p95_mean,fp16_0_queueing_delay_s_p95_mean,fp16_0_waiting_queue_area_request_s_mean,fp16_0_kv_ge095_duration_s_mean,fp16_0_preemption_count_mean,fp16_0_completed_throughput_rps_mean,awq_w4_16_prefill_batch_count_mean,awq_w4_16_prefill_sequence_count_mean_mean,awq_w4_16_prefill_sequence_count_p95_mean,awq_w4_16_prefill_effective_gemm_m_mean_mean,awq_w4_16_prefill_effective_gemm_m_p95_mean,awq_w4_16_prefill_execution_duration_s_p50_mean,awq_w4_16_prefill_execution_duration_s_p95_mean,awq_w4_16_queueing_delay_s_p95_mean,awq_w4_16_waiting_queue_area_request_s_mean,awq_w4_16_kv_ge095_duration_s_mean,awq_w4_16_preemption_count_mean,awq_w4_16_completed_throughput_rps_mean,awq_minus_fp16_prefill_sequence_count_mean,awq_minus_fp16_prefill_batch_count,awq_over_fp16_waiting_area
6.0,0.6666666666666666,12.0,5.333333333333333,9.0,5461.333333333333,9216.0,1.43664559125,2.14625967,0.040424034,19.387313244500007,13.213947189999999,4.0,0.516310899556933,10.0,6.4,9.0,6553.6,9216.0,1.8909303557500001,2.2903678417749997,0.0366617115,0.8774803134999658,0.0,0.0,0.5350671863427591,1.0666666666666673,-2.0,0.045260542419352436
5.75,0.6956521739130435,11.5,5.575757575757576,9.0,5709.575757575758,9216.0,1.4543071505,2.169635744375,0.026986085,20.637898453000034,16.26547084899999,5.0,0.5277420264937216,10.5,6.109090909090909,9.0,6255.709090909091,9216.0,1.8536225905000001,2.293936787,0.047483613,1.2543380539999944,0.0,0.0,0.5474613477950863,0.5333333333333332,-1.0,0.06077838094109128
5.5,0.7272727272727273,10.5,6.109090909090909,9.275,6255.709090909091,9497.6,1.69974802325,2.234713578175,0.19272927250000002,12.389640847500033,18.95240048,7.0,0.5414626583836217,11.0,5.818181818181818,9.0,5957.818181818182,9216.0,1.808130271,2.29239937925,0.043893016,3.1377913184999997,0.0,0.0,0.5650954530943472,-0.290909090909091,0.5,0.2532592636963435
5.25,0.7619047619047619,10.0,6.4,9.55,6553.6,9779.2,1.69915239525,2.288601298625,1.1535767605,20.39532086400004,20.198186636500004,7.5,0.5523077079736352,11.0,5.818181818181818,9.0,5957.818181818182,9216.0,1.8064197100000001,2.29126815525,0.0353022155,8.03400575199997,0.0,0.0,0.5729186138012783,-0.581818181818182,1.0,0.3939141632324532
5.0,0.8,12.0,5.333333333333333,9.45,5461.333333333333,9676.8,1.3209428545,2.2642638919749998,2.3802779115000003,39.74428526499999,21.474086123500005,7.5,0.5712513630176859,11.0,5.818181818181818,9.0,5957.818181818182,9216.0,1.7997072685,2.29136976675,0.043589338000000005,8.414017374499991,0.0,0.0,0.5905050544801221,0.4848484848484853,-1.0,0.21170382907626792
4.75,0.8421052631578947,10.0,6.4,9.55,6553.6,9779.2,1.6976636795,2.2849664239000003,1.1189729560000001,18.526496546500006,19.21003396900001,7.5,0.6000766516814394,11.0,5.818181818181818,9.0,5957.818181818182,9216.0,1.809498615,2.29957426575,0.0407132795,6.272426496499996,0.0,0.0,0.6367765430866437,-0.581818181818182,1.0,0.3385651723603928
4.5,0.8888888888888888,14.0,4.571428571428571,8.35,4681.142857142857,8550.4,0.9819040235000001,2.00189875925,8.1052585525,139.42051673250006,37.465092145499995,12.0,0.6000307383587787,11.0,5.818181818181818,9.0,5957.818181818182,9216.0,1.8060780785000001,2.2943113892499998,0.0569879565,8.661965788000007,0.0,0.0,0.6191451241727817,1.2467532467532472,-3.0,0.06212834374024976
4.25,0.9411764705882353,14.5,4.461538461538462,8.2,4568.615384615385,8396.8,0.9243128112500001,1.964709625675,10.3322921235,169.35878479999994,38.827793943500005,12.5,0.6225899423712878,13.0,4.9523809523809526,9.0,5071.238095238095,9216.0,1.4082641790000001,2.2935864566250004,1.1780177888750005,18.943593526499974,0.0,0.0,0.6411164245625999,0.4908424908424909,-1.5,0.1118548030966976
4.0,1.0,13.5,4.747252747252747,9.0,4861.186813186813,9216.0,0.983255986,2.1625131957,14.9219658885,234.15829774649998,49.44635854600001,15.0,0.6233326081090873,14.0,4.571428571428571,9.0,4681.142857142857,9216.0,1.1488577384999998,2.2806186787250002,4.292170019200001,33.63527126300001,0.0,0.0,0.6439652062428951,-0.1758241758241761,0.5,0.14364330278576584
