run_id,condition,scale,repeat,effective_gemm_m,prefill_sequence_count,duration_s_count,duration_s_mean,duration_s_p50,duration_s_p95,duration_s_p99
cross-fp16_0-scale-6-rep0,fp16_0,6.0,0,1024,1,2,0.2653800875,0.2653800875,0.26691824465,0.26705496973000004
cross-fp16_0-scale-6-rep0,fp16_0,6.0,0,2048,2,1,0.506061776,0.506061776,0.506061776,0.506061776
cross-fp16_0-scale-6-rep0,fp16_0,6.0,0,3072,3,1,0.725177827,0.725177827,0.725177827,0.725177827
cross-fp16_0-scale-6-rep0,fp16_0,6.0,0,4096,4,1,0.955774178,0.955774178,0.955774178,0.955774178
cross-fp16_0-scale-6-rep0,fp16_0,6.0,0,6144,6,2,1.4289598465,1.4289598465,1.4434377383499999,1.4447246620699998
cross-fp16_0-scale-6-rep0,fp16_0,6.0,0,7168,7,1,1.673198334,1.673198334,1.673198334,1.673198334
cross-fp16_0-scale-6-rep0,fp16_0,6.0,0,8192,8,2,1.8897298975,1.8897298975,1.90031709925,1.90125818385
cross-fp16_0-scale-6-rep0,fp16_0,6.0,0,9216,9,2,2.1392557219999997,2.1392557219999997,2.143869653,2.1442797801999998
cross-awq_w4_16-scale-6-rep0,awq_w4_16,6.0,0,1024,1,1,0.269699687,0.269699687,0.269699687,0.269699687
cross-awq_w4_16-scale-6-rep0,awq_w4_16,6.0,0,3072,3,1,0.743880058,0.743880058,0.743880058,0.743880058
cross-awq_w4_16-scale-6-rep0,awq_w4_16,6.0,0,4096,4,1,0.995197561,0.995197561,0.995197561,0.995197561
cross-awq_w4_16-scale-6-rep0,awq_w4_16,6.0,0,6144,6,1,1.472014721,1.472014721,1.472014721,1.472014721
cross-awq_w4_16-scale-6-rep0,awq_w4_16,6.0,0,7168,7,1,1.78318929,1.78318929,1.78318929,1.78318929
cross-awq_w4_16-scale-6-rep0,awq_w4_16,6.0,0,8192,8,2,2.00163146,2.00163146,2.0262649801999997,2.02845462644
cross-awq_w4_16-scale-6-rep0,awq_w4_16,6.0,0,9216,9,3,2.2728236623333333,2.270529648,2.2993224579,2.30188181878
cross-awq_w4_16-scale-5-rep0,awq_w4_16,5.0,0,1024,1,2,0.27356881899999996,0.27356881899999996,0.2743772917,0.27444915594
cross-awq_w4_16-scale-5-rep0,awq_w4_16,5.0,0,3072,3,1,0.764286506,0.764286506,0.764286506,0.764286506
cross-awq_w4_16-scale-5-rep0,awq_w4_16,5.0,0,4096,4,1,1.012649008,1.012649008,1.012649008,1.012649008
cross-awq_w4_16-scale-5-rep0,awq_w4_16,5.0,0,6144,6,1,1.518600072,1.518600072,1.518600072,1.518600072
cross-awq_w4_16-scale-5-rep0,awq_w4_16,5.0,0,7168,7,1,1.797932623,1.797932623,1.797932623,1.797932623
cross-awq_w4_16-scale-5-rep0,awq_w4_16,5.0,0,8192,8,3,2.0284589753333333,2.034376138,2.0378227222,2.03812908524
cross-awq_w4_16-scale-5-rep0,awq_w4_16,5.0,0,9216,9,2,2.288522752,2.288522752,2.2921264609,2.29244679058
cross-fp16_0-scale-5-rep0,fp16_0,5.0,0,1024,1,2,0.273212001,0.273212001,0.2732259159,0.27322715278
cross-fp16_0-scale-5-rep0,fp16_0,5.0,0,2048,2,1,0.506619693,0.506619693,0.506619693,0.506619693
cross-fp16_0-scale-5-rep0,fp16_0,5.0,0,3072,3,1,0.737779211,0.737779211,0.737779211,0.737779211
cross-fp16_0-scale-5-rep0,fp16_0,5.0,0,4096,4,1,0.971885728,0.971885728,0.971885728,0.971885728
cross-fp16_0-scale-5-rep0,fp16_0,5.0,0,5120,5,1,1.208339299,1.208339299,1.208339299,1.208339299
cross-fp16_0-scale-5-rep0,fp16_0,5.0,0,6144,6,2,1.446859216,1.446859216,1.4596247142999998,1.46075942526
cross-fp16_0-scale-5-rep0,fp16_0,5.0,0,8192,8,1,1.900830018,1.900830018,1.900830018,1.900830018
cross-fp16_0-scale-5-rep0,fp16_0,5.0,0,9216,9,2,2.162100646,2.162100646,2.1649827637000003,2.16523895194
cross-fp16_0-scale-5-rep0,fp16_0,5.0,0,10240,10,1,2.39119121,2.39119121,2.39119121,2.39119121
cross-fp16_0-scale-4-rep0,fp16_0,4.0,0,1024,1,4,0.269513676,0.27017177849999996,0.2709010313,0.27090761426
cross-fp16_0-scale-4-rep0,fp16_0,4.0,0,3072,3,1,0.743136453,0.743136453,0.743136453,0.743136453
cross-fp16_0-scale-4-rep0,fp16_0,4.0,0,4096,4,2,0.9786088159999999,0.9786088159999999,0.9836706184999999,0.9841205565
cross-fp16_0-scale-4-rep0,fp16_0,4.0,0,6144,6,1,1.446916674,1.446916674,1.446916674,1.446916674
cross-fp16_0-scale-4-rep0,fp16_0,4.0,0,8192,8,2,1.9132254225,1.9132254225,1.92041817435,1.9210575300700001
cross-fp16_0-scale-4-rep0,fp16_0,4.0,0,9216,9,3,2.1684927686666664,2.168786924,2.1774692546,2.17824101732
cross-awq_w4_16-scale-4-rep0,awq_w4_16,4.0,0,1024,1,3,0.274671107,0.275012767,0.2761936984,0.27629867008000003
cross-awq_w4_16-scale-4-rep0,awq_w4_16,4.0,0,2048,2,2,0.5228057175,0.5228057175,0.52418522265,0.52430784533
cross-awq_w4_16-scale-4-rep0,awq_w4_16,4.0,0,3072,3,1,0.760750683,0.760750683,0.760750683,0.760750683
cross-awq_w4_16-scale-4-rep0,awq_w4_16,4.0,0,4096,4,1,1.012089472,1.012089472,1.012089472,1.012089472
cross-awq_w4_16-scale-4-rep0,awq_w4_16,4.0,0,5120,5,1,1.279944729,1.279944729,1.279944729,1.279944729
cross-awq_w4_16-scale-4-rep0,awq_w4_16,4.0,0,6144,6,2,1.5267778275000001,1.5267778275000001,1.53444859905,1.53513044541
cross-awq_w4_16-scale-4-rep0,awq_w4_16,4.0,0,7168,7,1,1.805063554,1.805063554,1.805063554,1.805063554
cross-awq_w4_16-scale-4-rep0,awq_w4_16,4.0,0,8192,8,1,2.007414396,2.007414396,2.007414396,2.007414396
cross-awq_w4_16-scale-4-rep0,awq_w4_16,4.0,0,9216,9,2,2.2850228195,2.2850228195,2.2889037387499998,2.28924870935
cross-awq_w4_16-scale-5p75-rep0,awq_w4_16,5.75,0,1024,1,2,0.27331401099999997,0.27331401099999997,0.2744049118,0.27450188076
cross-awq_w4_16-scale-5p75-rep0,awq_w4_16,5.75,0,3072,3,1,0.762049245,0.762049245,0.762049245,0.762049245
cross-awq_w4_16-scale-5p75-rep0,awq_w4_16,5.75,0,4096,4,1,1.012021911,1.012021911,1.012021911,1.012021911
cross-awq_w4_16-scale-5p75-rep0,awq_w4_16,5.75,0,6144,6,1,1.511488706,1.511488706,1.511488706,1.511488706
cross-awq_w4_16-scale-5p75-rep0,awq_w4_16,5.75,0,7168,7,1,1.800243469,1.800243469,1.800243469,1.800243469
cross-awq_w4_16-scale-5p75-rep0,awq_w4_16,5.75,0,8192,8,3,2.0305833483333333,2.035494934,2.0399397019,2.04033479238
cross-awq_w4_16-scale-5p75-rep0,awq_w4_16,5.75,0,9216,9,2,2.2890156504999997,2.2890156504999997,2.2928920274499998,2.2932365942899997
cross-fp16_0-scale-5p75-rep0,fp16_0,5.75,0,1024,1,1,0.26973901,0.26973901,0.26973901,0.26973901
cross-fp16_0-scale-5p75-rep0,fp16_0,5.75,0,2048,2,1,0.510176743,0.510176743,0.510176743,0.510176743
cross-fp16_0-scale-5p75-rep0,fp16_0,5.75,0,3072,3,1,0.742705132,0.742705132,0.742705132,0.742705132
cross-fp16_0-scale-5p75-rep0,fp16_0,5.75,0,4096,4,1,0.971122971,0.971122971,0.971122971,0.971122971
cross-fp16_0-scale-5p75-rep0,fp16_0,5.75,0,6144,6,2,1.451665105,1.451665105,1.460264344,1.4610287208
cross-fp16_0-scale-5p75-rep0,fp16_0,5.75,0,7168,7,1,1.702462373,1.702462373,1.702462373,1.702462373
cross-fp16_0-scale-5p75-rep0,fp16_0,5.75,0,8192,8,1,1.903585353,1.903585353,1.903585353,1.903585353
cross-fp16_0-scale-5p75-rep0,fp16_0,5.75,0,9216,9,3,2.172361383,2.173646513,2.1831817088,2.18402928176
cross-fp16_0-scale-4p75-rep0,fp16_0,4.75,0,1024,1,1,0.271788875,0.271788875,0.271788875,0.271788875
cross-fp16_0-scale-4p75-rep0,fp16_0,4.75,0,3072,3,1,0.741484915,0.741484915,0.741484915,0.741484915
cross-fp16_0-scale-4p75-rep0,fp16_0,4.75,0,4096,4,1,0.974341437,0.974341437,0.974341437,0.974341437
cross-fp16_0-scale-4p75-rep0,fp16_0,4.75,0,6144,6,1,1.439217518,1.439217518,1.439217518,1.439217518
cross-fp16_0-scale-4p75-rep0,fp16_0,4.75,0,7168,7,2,1.700912095,1.700912095,1.702365766,1.7024949811999999
cross-fp16_0-scale-4p75-rep0,fp16_0,4.75,0,8192,8,1,1.906072156,1.906072156,1.906072156,1.906072156
cross-fp16_0-scale-4p75-rep0,fp16_0,4.75,0,9216,9,2,2.1678064184999997,2.1678064184999997,2.17032226635,2.17054589727
cross-fp16_0-scale-4p75-rep0,fp16_0,4.75,0,10240,10,1,2.388568046,2.388568046,2.388568046,2.388568046
cross-awq_w4_16-scale-4p75-rep0,awq_w4_16,4.75,0,1024,1,2,0.2772381775,0.2772381775,0.27761368315,0.27764706143
cross-awq_w4_16-scale-4p75-rep0,awq_w4_16,4.75,0,3072,3,1,0.781766506,0.781766506,0.781766506,0.781766506
cross-awq_w4_16-scale-4p75-rep0,awq_w4_16,4.75,0,4096,4,1,1.03039598,1.03039598,1.03039598,1.03039598
cross-awq_w4_16-scale-4p75-rep0,awq_w4_16,4.75,0,6144,6,1,1.522886973,1.522886973,1.522886973,1.522886973
cross-awq_w4_16-scale-4p75-rep0,awq_w4_16,4.75,0,7168,7,1,1.821614859,1.821614859,1.821614859,1.821614859
cross-awq_w4_16-scale-4p75-rep0,awq_w4_16,4.75,0,8192,8,3,2.0490139739999997,2.05448482,2.0546178895000002,2.0546297179
cross-awq_w4_16-scale-4p75-rep0,awq_w4_16,4.75,0,9216,9,2,2.3121100665,2.3121100665,2.31445932345,2.3146681462900003
cross-awq_w4_16-scale-5p5-rep0,awq_w4_16,5.5,0,1024,1,2,0.273628145,0.273628145,0.2742325094,0.27428623067999996
cross-awq_w4_16-scale-5p5-rep0,awq_w4_16,5.5,0,3072,3,1,0.767179,0.767179,0.767179,0.767179
cross-awq_w4_16-scale-5p5-rep0,awq_w4_16,5.5,0,4096,4,1,1.028107979,1.028107979,1.028107979,1.028107979
cross-awq_w4_16-scale-5p5-rep0,awq_w4_16,5.5,0,6144,6,1,1.520291731,1.520291731,1.520291731,1.520291731
cross-awq_w4_16-scale-5p5-rep0,awq_w4_16,5.5,0,7168,7,1,1.809413331,1.809413331,1.809413331,1.809413331
cross-awq_w4_16-scale-5p5-rep0,awq_w4_16,5.5,0,8192,8,3,2.039381397666667,2.046019659,2.0484972348,2.04871746376
cross-awq_w4_16-scale-5p5-rep0,awq_w4_16,5.5,0,9216,9,2,2.297019357,2.297019357,2.3022037818,2.30266461956
cross-fp16_0-scale-5p5-rep0,fp16_0,5.5,0,1024,1,1,0.270263779,0.270263779,0.270263779,0.270263779
cross-fp16_0-scale-5p5-rep0,fp16_0,5.5,0,3072,3,1,0.740313128,0.740313128,0.740313128,0.740313128
cross-fp16_0-scale-5p5-rep0,fp16_0,5.5,0,4096,4,1,0.972219911,0.972219911,0.972219911,0.972219911
cross-fp16_0-scale-5p5-rep0,fp16_0,5.5,0,6144,6,1,1.437046651,1.437046651,1.437046651,1.437046651
cross-fp16_0-scale-5p5-rep0,fp16_0,5.5,0,7168,7,2,1.6978590015,1.6978590015,1.69896322185,1.69906137477
cross-fp16_0-scale-5p5-rep0,fp16_0,5.5,0,8192,8,1,1.902644993,1.902644993,1.902644993,1.902644993
cross-fp16_0-scale-5p5-rep0,fp16_0,5.5,0,9216,9,2,2.164716753,2.164716753,2.1687697509,2.16913001738
cross-fp16_0-scale-5p5-rep0,fp16_0,5.5,0,10240,10,1,2.384254491,2.384254491,2.384254491,2.384254491
cross-fp16_0-scale-4p5-rep0,fp16_0,4.5,0,1024,1,3,0.269761203,0.26922223,0.2722676401,0.27253834322
cross-fp16_0-scale-4p5-rep0,fp16_0,4.5,0,3072,3,3,0.742103969,0.741695386,0.7455311356,0.74587209112
cross-fp16_0-scale-4p5-rep0,fp16_0,4.5,0,4096,4,2,0.9791328955,0.9791328955,0.98384007325,0.98425848905
cross-fp16_0-scale-4p5-rep0,fp16_0,4.5,0,6144,6,2,1.451152178,1.451152178,1.4538957640999999,1.45413963842
cross-fp16_0-scale-4p5-rep0,fp16_0,4.5,0,7168,7,1,1.695068974,1.695068974,1.695068974,1.695068974
cross-fp16_0-scale-4p5-rep0,fp16_0,4.5,0,8192,8,2,1.903911315,1.903911315,1.9049997246,1.90509647212
cross-fp16_0-scale-4p5-rep0,fp16_0,4.5,0,9216,9,1,2.17512646,2.17512646,2.17512646,2.17512646
cross-awq_w4_16-scale-4p5-rep0,awq_w4_16,4.5,0,1024,1,2,0.2728727505,0.2728727505,0.27411520635,0.27422564686999995
cross-awq_w4_16-scale-4p5-rep0,awq_w4_16,4.5,0,3072,3,1,0.759489405,0.759489405,0.759489405,0.759489405
cross-awq_w4_16-scale-4p5-rep0,awq_w4_16,4.5,0,4096,4,1,1.014898183,1.014898183,1.014898183,1.014898183
cross-awq_w4_16-scale-4p5-rep0,awq_w4_16,4.5,0,6144,6,1,1.516013228,1.516013228,1.516013228,1.516013228
cross-awq_w4_16-scale-4p5-rep0,awq_w4_16,4.5,0,7168,7,1,1.803517958,1.803517958,1.803517958,1.803517958
cross-awq_w4_16-scale-4p5-rep0,awq_w4_16,4.5,0,8192,8,3,2.0317535423333335,2.036858419,2.0435604076,2.0441561399199997
cross-awq_w4_16-scale-4p5-rep0,awq_w4_16,4.5,0,9216,9,2,2.289093057,2.289093057,2.2979995641,2.29879125362
cross-awq_w4_16-scale-5p25-rep0,awq_w4_16,5.25,0,1024,1,2,0.2733221,0.2733221,0.2738773964,0.27392675608
cross-awq_w4_16-scale-5p25-rep0,awq_w4_16,5.25,0,3072,3,1,0.763912288,0.763912288,0.763912288,0.763912288
cross-awq_w4_16-scale-5p25-rep0,awq_w4_16,5.25,0,4096,4,1,1.011228782,1.011228782,1.011228782,1.011228782
cross-awq_w4_16-scale-5p25-rep0,awq_w4_16,5.25,0,6144,6,1,1.514962759,1.514962759,1.514962759,1.514962759
cross-awq_w4_16-scale-5p25-rep0,awq_w4_16,5.25,0,7168,7,1,1.806181615,1.806181615,1.806181615,1.806181615
cross-awq_w4_16-scale-5p25-rep0,awq_w4_16,5.25,0,8192,8,3,2.0301181706666664,2.03541776,2.0405305645999996,2.04098503612
cross-awq_w4_16-scale-5p25-rep0,awq_w4_16,5.25,0,9216,9,2,2.2906817725,2.2906817725,2.29404892315,2.29434822543
cross-fp16_0-scale-5p25-rep0,fp16_0,5.25,0,1024,1,1,0.268485531,0.268485531,0.268485531,0.268485531
cross-fp16_0-scale-5p25-rep0,fp16_0,5.25,0,3072,3,1,0.739750754,0.739750754,0.739750754,0.739750754
cross-fp16_0-scale-5p25-rep0,fp16_0,5.25,0,4096,4,1,0.975918494,0.975918494,0.975918494,0.975918494
cross-fp16_0-scale-5p25-rep0,fp16_0,5.25,0,6144,6,1,1.443448827,1.443448827,1.443448827,1.443448827
cross-fp16_0-scale-5p25-rep0,fp16_0,5.25,0,7168,7,2,1.69974619,1.69974619,1.7007574030000001,1.7008472886000001
cross-fp16_0-scale-5p25-rep0,fp16_0,5.25,0,8192,8,1,1.905775906,1.905775906,1.905775906,1.905775906
cross-fp16_0-scale-5p25-rep0,fp16_0,5.25,0,9216,9,2,2.1713850255000002,2.1713850255000002,2.17701604605,2.17751658121
cross-fp16_0-scale-5p25-rep0,fp16_0,5.25,0,10240,10,1,2.389003271,2.389003271,2.389003271,2.389003271
cross-fp16_0-scale-4p25-rep0,fp16_0,4.25,0,1024,1,4,0.27077360424999997,0.27079898999999996,0.27156518755000003,0.27163731271
cross-fp16_0-scale-4p25-rep0,fp16_0,4.25,0,2048,2,1,0.509453813,0.509453813,0.509453813,0.509453813
cross-fp16_0-scale-4p25-rep0,fp16_0,4.25,0,3072,3,3,0.7429881246666667,0.743137384,0.7468258414,0.74715370428
cross-fp16_0-scale-4p25-rep0,fp16_0,4.25,0,4096,4,2,0.985436799,0.985436799,0.9909078864,0.99139420528
cross-fp16_0-scale-4p25-rep0,fp16_0,4.25,0,5120,5,1,1.211895457,1.211895457,1.211895457,1.211895457
cross-fp16_0-scale-4p25-rep0,fp16_0,4.25,0,6144,6,2,1.4505904125,1.4505904125,1.4567109511499998,1.4572549990299999
cross-fp16_0-scale-4p25-rep0,fp16_0,4.25,0,8192,8,3,1.9189265553333332,1.913243049,1.9288042497,1.93018746754
cross-awq_w4_16-scale-4p25-rep0,awq_w4_16,4.25,0,1024,1,3,0.2756270376666667,0.275239366,0.2784052915,0.2786867071
cross-awq_w4_16-scale-4p25-rep0,awq_w4_16,4.25,0,3072,3,1,0.778815346,0.778815346,0.778815346,0.778815346
cross-awq_w4_16-scale-4p25-rep0,awq_w4_16,4.25,0,4096,4,1,1.030156736,1.030156736,1.030156736,1.030156736
cross-awq_w4_16-scale-4p25-rep0,awq_w4_16,4.25,0,6144,6,1,1.519923821,1.519923821,1.519923821,1.519923821
cross-awq_w4_16-scale-4p25-rep0,awq_w4_16,4.25,0,7168,7,2,1.809868015,1.809868015,1.8121783437999999,1.81238370636
cross-awq_w4_16-scale-4p25-rep0,awq_w4_16,4.25,0,8192,8,2,2.035454021,2.035454021,2.0416901471,2.0422444694200004
cross-awq_w4_16-scale-4p25-rep0,awq_w4_16,4.25,0,9216,9,2,2.2997101795,2.2997101795,2.30121345445,2.30134707889
cross-awq_w4_16-scale-4p25-rep1,awq_w4_16,4.25,1,1024,1,3,0.27337291700000005,0.273922333,0.27425549860000004,0.27428511332
cross-awq_w4_16-scale-4p25-rep1,awq_w4_16,4.25,1,2048,2,2,0.52368225,0.52368225,0.5240041278,0.52403273916
cross-awq_w4_16-scale-4p25-rep1,awq_w4_16,4.25,1,3072,3,1,0.773355219,0.773355219,0.773355219,0.773355219
cross-awq_w4_16-scale-4p25-rep1,awq_w4_16,4.25,1,4096,4,1,1.023818177,1.023818177,1.023818177,1.023818177
cross-awq_w4_16-scale-4p25-rep1,awq_w4_16,4.25,1,5120,5,1,1.282013735,1.282013735,1.282013735,1.282013735
cross-awq_w4_16-scale-4p25-rep1,awq_w4_16,4.25,1,6144,6,2,1.5281803305000001,1.5281803305000001,1.5365829577499999,1.5373298579499999
cross-awq_w4_16-scale-4p25-rep1,awq_w4_16,4.25,1,7168,7,1,1.808167854,1.808167854,1.808167854,1.808167854
cross-awq_w4_16-scale-4p25-rep1,awq_w4_16,4.25,1,8192,8,1,2.017377682,2.017377682,2.017377682,2.017377682
cross-awq_w4_16-scale-4p25-rep1,awq_w4_16,4.25,1,9216,9,2,2.2883478320000004,2.2883478320000004,2.2905020351000003,2.29069351982
cross-fp16_0-scale-4p25-rep1,fp16_0,4.25,1,1024,1,1,0.274739314,0.274739314,0.274739314,0.274739314
cross-fp16_0-scale-4p25-rep1,fp16_0,4.25,1,2048,2,1,0.510469689,0.510469689,0.510469689,0.510469689
cross-fp16_0-scale-4p25-rep1,fp16_0,4.25,1,3072,3,3,0.7402438523333333,0.740072674,0.7406347069,0.74068466538
cross-fp16_0-scale-4p25-rep1,fp16_0,4.25,1,4096,4,2,0.9783004265,0.9783004265,0.9846260355500001,0.98518831191
cross-fp16_0-scale-4p25-rep1,fp16_0,4.25,1,6144,6,2,1.444132938,1.444132938,1.4522618775,1.4529844499
cross-fp16_0-scale-4p25-rep1,fp16_0,4.25,1,7168,7,1,1.695594531,1.695594531,1.695594531,1.695594531
cross-fp16_0-scale-4p25-rep1,fp16_0,4.25,1,8192,8,2,1.9088975955,1.9088975955,1.91792670825,1.91872929605
cross-fp16_0-scale-4p25-rep1,fp16_0,4.25,1,9216,9,1,2.151239202,2.151239202,2.151239202,2.151239202
cross-fp16_0-scale-5p25-rep1,fp16_0,5.25,1,1024,1,1,0.269224646,0.269224646,0.269224646,0.269224646
cross-fp16_0-scale-5p25-rep1,fp16_0,5.25,1,3072,3,1,0.743857668,0.743857668,0.743857668,0.743857668
cross-fp16_0-scale-5p25-rep1,fp16_0,5.25,1,4096,4,1,0.973771039,0.973771039,0.973771039,0.973771039
cross-fp16_0-scale-5p25-rep1,fp16_0,5.25,1,6144,6,1,1.442545477,1.442545477,1.442545477,1.442545477
cross-fp16_0-scale-5p25-rep1,fp16_0,5.25,1,7168,7,2,1.6985586005,1.6985586005,1.70075972285,1.70095537817
cross-fp16_0-scale-5p25-rep1,fp16_0,5.25,1,8192,8,1,1.907586955,1.907586955,1.907586955,1.907586955
cross-fp16_0-scale-5p25-rep1,fp16_0,5.25,1,9216,9,2,2.165540635,2.165540635,2.1664743453999997,2.16655734188
cross-fp16_0-scale-5p25-rep1,fp16_0,5.25,1,10240,10,1,2.37882161,2.37882161,2.37882161,2.37882161
cross-awq_w4_16-scale-5p25-rep1,awq_w4_16,5.25,1,1024,1,2,0.2739316135,0.2739316135,0.27443973775,0.27448490435
cross-awq_w4_16-scale-5p25-rep1,awq_w4_16,5.25,1,3072,3,1,0.763023073,0.763023073,0.763023073,0.763023073
cross-awq_w4_16-scale-5p25-rep1,awq_w4_16,5.25,1,4096,4,1,1.011625651,1.011625651,1.011625651,1.011625651
cross-awq_w4_16-scale-5p25-rep1,awq_w4_16,5.25,1,6144,6,1,1.514393887,1.514393887,1.514393887,1.514393887
cross-awq_w4_16-scale-5p25-rep1,awq_w4_16,5.25,1,7168,7,1,1.806657805,1.806657805,1.806657805,1.806657805
cross-awq_w4_16-scale-5p25-rep1,awq_w4_16,5.25,1,8192,8,3,2.035829893666667,2.039613415,2.0424794722,2.04273423284
cross-awq_w4_16-scale-5p25-rep1,awq_w4_16,5.25,1,9216,9,2,2.291854538,2.291854538,2.2964979485,2.2969106961
cross-awq_w4_16-scale-4p5-rep1,awq_w4_16,4.5,1,1024,1,2,0.2752205765,0.2752205765,0.27646353455,0.27657401971
cross-awq_w4_16-scale-4p5-rep1,awq_w4_16,4.5,1,3072,3,1,0.765328362,0.765328362,0.765328362,0.765328362
cross-awq_w4_16-scale-4p5-rep1,awq_w4_16,4.5,1,4096,4,1,1.027568309,1.027568309,1.027568309,1.027568309
cross-awq_w4_16-scale-4p5-rep1,awq_w4_16,4.5,1,6144,6,1,1.518077317,1.518077317,1.518077317,1.518077317
cross-awq_w4_16-scale-4p5-rep1,awq_w4_16,4.5,1,7168,7,1,1.808638199,1.808638199,1.808638199,1.808638199
cross-awq_w4_16-scale-4p5-rep1,awq_w4_16,4.5,1,8192,8,3,2.0390200573333335,2.047130081,2.0483099567,2.04841483454
cross-awq_w4_16-scale-4p5-rep1,awq_w4_16,4.5,1,9216,9,2,2.2995297215,2.2995297215,2.30554667735,2.30608151787
cross-fp16_0-scale-4p5-rep1,fp16_0,4.5,1,1024,1,3,0.27293906433333337,0.271067276,0.2772350606,0.27778330812
cross-fp16_0-scale-4p5-rep1,fp16_0,4.5,1,3072,3,3,0.7431391070000001,0.744959536,0.7467067825,0.7468620933000001
cross-fp16_0-scale-4p5-rep1,fp16_0,4.5,1,4096,4,2,0.9846751515000001,0.9846751515000001,0.99110342895,0.99167483139
cross-fp16_0-scale-4p5-rep1,fp16_0,4.5,1,6144,6,2,1.455256723,1.455256723,1.4597790151,1.4601809966200001
cross-fp16_0-scale-4p5-rep1,fp16_0,4.5,1,7168,7,1,1.703242462,1.703242462,1.703242462,1.703242462
cross-fp16_0-scale-4p5-rep1,fp16_0,4.5,1,8192,8,2,1.9085491735,1.9085491735,1.90997064565,1.91009699873
cross-fp16_0-scale-4p5-rep1,fp16_0,4.5,1,9216,9,1,2.178832136,2.178832136,2.178832136,2.178832136
cross-fp16_0-scale-5p5-rep1,fp16_0,5.5,1,1024,1,2,0.270112012,0.270112012,0.2709751381,0.27105186042
cross-fp16_0-scale-5p5-rep1,fp16_0,5.5,1,3072,3,1,0.737413814,0.737413814,0.737413814,0.737413814
cross-fp16_0-scale-5p5-rep1,fp16_0,5.5,1,4096,4,1,0.973951114,0.973951114,0.973951114,0.973951114
cross-fp16_0-scale-5p5-rep1,fp16_0,5.5,1,6144,6,1,1.440816858,1.440816858,1.440816858,1.440816858
cross-fp16_0-scale-5p5-rep1,fp16_0,5.5,1,7168,7,2,1.702515874,1.702515874,1.7033068201000001,1.7033771264200002
cross-fp16_0-scale-5p5-rep1,fp16_0,5.5,1,8192,8,1,1.908155334,1.908155334,1.908155334,1.908155334
cross-fp16_0-scale-5p5-rep1,fp16_0,5.5,1,9216,9,3,2.1762312280000002,2.178534466,2.1846610945,2.1852056837
cross-awq_w4_16-scale-5p5-rep1,awq_w4_16,5.5,1,1024,1,2,0.27435313699999997,0.27435313699999997,0.2754829295,0.2755833555
cross-awq_w4_16-scale-5p5-rep1,awq_w4_16,5.5,1,3072,3,1,0.765595448,0.765595448,0.765595448,0.765595448
cross-awq_w4_16-scale-5p5-rep1,awq_w4_16,5.5,1,4096,4,1,1.015562653,1.015562653,1.015562653,1.015562653
cross-awq_w4_16-scale-5p5-rep1,awq_w4_16,5.5,1,6144,6,1,1.520515027,1.520515027,1.520515027,1.520515027
cross-awq_w4_16-scale-5p5-rep1,awq_w4_16,5.5,1,7168,7,1,1.806847211,1.806847211,1.806847211,1.806847211
cross-awq_w4_16-scale-5p5-rep1,awq_w4_16,5.5,1,8192,8,3,2.0311712226666665,2.03788948,2.0401240837,2.04032271514
cross-awq_w4_16-scale-5p5-rep1,awq_w4_16,5.5,1,9216,9,2,2.2877794015,2.2877794015,2.29531371235,2.29598342887
cross-awq_w4_16-scale-4p75-rep1,awq_w4_16,4.75,1,1024,1,2,0.27390690250000005,0.27390690250000005,0.27492073135,0.27501084947000004
cross-awq_w4_16-scale-4p75-rep1,awq_w4_16,4.75,1,3072,3,1,0.77786453,0.77786453,0.77786453,0.77786453
cross-awq_w4_16-scale-4p75-rep1,awq_w4_16,4.75,1,4096,4,1,1.018577199,1.018577199,1.018577199,1.018577199
cross-awq_w4_16-scale-4p75-rep1,awq_w4_16,4.75,1,6144,6,1,1.512779487,1.512779487,1.512779487,1.512779487
cross-awq_w4_16-scale-4p75-rep1,awq_w4_16,4.75,1,7168,7,1,1.797382371,1.797382371,1.797382371,1.797382371
cross-awq_w4_16-scale-4p75-rep1,awq_w4_16,4.75,1,8192,8,3,2.031753413,2.036871283,2.0393589163,2.03958003926
cross-awq_w4_16-scale-4p75-rep1,awq_w4_16,4.75,1,9216,9,2,2.287038465,2.287038465,2.2933006209,2.29385725698
cross-fp16_0-scale-4p75-rep1,fp16_0,4.75,1,1024,1,1,0.268307678,0.268307678,0.268307678,0.268307678
cross-fp16_0-scale-4p75-rep1,fp16_0,4.75,1,3072,3,1,0.74035448,0.74035448,0.74035448,0.74035448
cross-fp16_0-scale-4p75-rep1,fp16_0,4.75,1,4096,4,1,0.969458079,0.969458079,0.969458079,0.969458079
cross-fp16_0-scale-4p75-rep1,fp16_0,4.75,1,6144,6,1,1.43170059,1.43170059,1.43170059,1.43170059
cross-fp16_0-scale-4p75-rep1,fp16_0,4.75,1,7168,7,2,1.6944152639999999,1.6944152639999999,1.6954808163,1.69557553206
cross-fp16_0-scale-4p75-rep1,fp16_0,4.75,1,8192,8,1,1.897398874,1.897398874,1.897398874,1.897398874
cross-fp16_0-scale-4p75-rep1,fp16_0,4.75,1,9216,9,2,2.1567604685,2.1567604685,2.16082154345,2.16118252789
cross-fp16_0-scale-4p75-rep1,fp16_0,4.75,1,10240,10,1,2.376139749,2.376139749,2.376139749,2.376139749
cross-fp16_0-scale-5p75-rep1,fp16_0,5.75,1,1024,1,2,0.2697419705,0.2697419705,0.27015762244999997,0.27019456928999996
cross-fp16_0-scale-5p75-rep1,fp16_0,5.75,1,2048,2,1,0.506403529,0.506403529,0.506403529,0.506403529
cross-fp16_0-scale-5p75-rep1,fp16_0,5.75,1,3072,3,1,0.735017078,0.735017078,0.735017078,0.735017078
cross-fp16_0-scale-5p75-rep1,fp16_0,5.75,1,4096,4,1,0.97248731,0.97248731,0.97248731,0.97248731
cross-fp16_0-scale-5p75-rep1,fp16_0,5.75,1,6144,6,2,1.4473944859999999,1.4473944859999999,1.4580112487,1.45895496094
cross-fp16_0-scale-5p75-rep1,fp16_0,5.75,1,7168,7,1,1.693541786,1.693541786,1.693541786,1.693541786
cross-fp16_0-scale-5p75-rep1,fp16_0,5.75,1,8192,8,2,1.90973276,1.90973276,1.9194278372,1.92028962184
cross-fp16_0-scale-5p75-rep1,fp16_0,5.75,1,9216,9,2,2.1609198884999996,2.1609198884999996,2.16625008225,2.16672387725
cross-awq_w4_16-scale-5p75-rep1,awq_w4_16,5.75,1,1024,1,1,0.273070761,0.273070761,0.273070761,0.273070761
cross-awq_w4_16-scale-5p75-rep1,awq_w4_16,5.75,1,3072,3,1,0.777750621,0.777750621,0.777750621,0.777750621
cross-awq_w4_16-scale-5p75-rep1,awq_w4_16,5.75,1,4096,4,1,1.023819764,1.023819764,1.023819764,1.023819764
cross-awq_w4_16-scale-5p75-rep1,awq_w4_16,5.75,1,6144,6,1,1.510679137,1.510679137,1.510679137,1.510679137
cross-awq_w4_16-scale-5p75-rep1,awq_w4_16,5.75,1,7168,7,1,1.801966196,1.801966196,1.801966196,1.801966196
cross-awq_w4_16-scale-5p75-rep1,awq_w4_16,5.75,1,8192,8,2,2.024853276,2.024853276,2.0363877192,2.0374130030399997
cross-awq_w4_16-scale-5p75-rep1,awq_w4_16,5.75,1,9216,9,3,2.2920119776666668,2.294881209,2.30138856,2.3019669912
cross-awq_w4_16-scale-4-rep1,awq_w4_16,4.0,1,1024,1,3,0.27309281966666665,0.273822716,0.2743252409,0.27436990978
cross-awq_w4_16-scale-4-rep1,awq_w4_16,4.0,1,2048,2,2,0.5224039285,0.5224039285,0.52283734555,0.52287587151
cross-awq_w4_16-scale-4-rep1,awq_w4_16,4.0,1,3072,3,1,0.759034074,0.759034074,0.759034074,0.759034074
cross-awq_w4_16-scale-4-rep1,awq_w4_16,4.0,1,4096,4,1,1.024681199,1.024681199,1.024681199,1.024681199
cross-awq_w4_16-scale-4-rep1,awq_w4_16,4.0,1,5120,5,1,1.278715554,1.278715554,1.278715554,1.278715554
cross-awq_w4_16-scale-4-rep1,awq_w4_16,4.0,1,6144,6,2,1.5262344964999999,1.5262344964999999,1.53578644085,1.5366355025699998
cross-awq_w4_16-scale-4-rep1,awq_w4_16,4.0,1,7168,7,1,1.797135072,1.797135072,1.797135072,1.797135072
cross-awq_w4_16-scale-4-rep1,awq_w4_16,4.0,1,8192,8,1,2.012596446,2.012596446,2.012596446,2.012596446
cross-awq_w4_16-scale-4-rep1,awq_w4_16,4.0,1,9216,9,2,2.279806277,2.279806277,2.2867005749,2.28731340138
cross-fp16_0-scale-4-rep1,fp16_0,4.0,1,1024,1,4,0.269977627,0.270066716,0.27108025065,0.27117115173
cross-fp16_0-scale-4-rep1,fp16_0,4.0,1,3072,3,1,0.734555817,0.734555817,0.734555817,0.734555817
cross-fp16_0-scale-4-rep1,fp16_0,4.0,1,4096,4,3,0.9782251500000001,0.981558715,0.9828551038,0.98297033836
cross-fp16_0-scale-4-rep1,fp16_0,4.0,1,5120,5,1,1.202365224,1.202365224,1.202365224,1.202365224
cross-fp16_0-scale-4-rep1,fp16_0,4.0,1,6144,6,1,1.436221085,1.436221085,1.436221085,1.436221085
cross-fp16_0-scale-4-rep1,fp16_0,4.0,1,8192,8,2,1.8983101595,1.8983101595,1.90742780705,1.90823826461
cross-fp16_0-scale-4-rep1,fp16_0,4.0,1,9216,9,2,2.1555387670000004,2.1555387670000004,2.1650131066,2.1658552701200002
cross-fp16_0-scale-5-rep1,fp16_0,5.0,1,1024,1,2,0.2697825665,0.2697825665,0.27171549605,0.27188731201
cross-fp16_0-scale-5-rep1,fp16_0,5.0,1,2048,2,1,0.504173824,0.504173824,0.504173824,0.504173824
cross-fp16_0-scale-5-rep1,fp16_0,5.0,1,3072,3,1,0.735984957,0.735984957,0.735984957,0.735984957
cross-fp16_0-scale-5-rep1,fp16_0,5.0,1,4096,4,1,0.970637333,0.970637333,0.970637333,0.970637333
cross-fp16_0-scale-5-rep1,fp16_0,5.0,1,5120,5,1,1.205343592,1.205343592,1.205343592,1.205343592
cross-fp16_0-scale-5-rep1,fp16_0,5.0,1,6144,6,2,1.4453118,1.4453118,1.4524205418,1.45305242996
cross-fp16_0-scale-5-rep1,fp16_0,5.0,1,8192,8,1,1.898803686,1.898803686,1.898803686,1.898803686
cross-fp16_0-scale-5-rep1,fp16_0,5.0,1,9216,9,2,2.1590591019999996,2.1590591019999996,2.1614268643,2.1616373320599997
cross-fp16_0-scale-5-rep1,fp16_0,5.0,1,10240,10,1,2.383656929,2.383656929,2.383656929,2.383656929
cross-awq_w4_16-scale-5-rep1,awq_w4_16,5.0,1,1024,1,2,0.27275516850000003,0.27275516850000003,0.27373054575,0.27381724595
cross-awq_w4_16-scale-5-rep1,awq_w4_16,5.0,1,3072,3,1,0.765138059,0.765138059,0.765138059,0.765138059
cross-awq_w4_16-scale-5-rep1,awq_w4_16,5.0,1,4096,4,1,1.022347051,1.022347051,1.022347051,1.022347051
cross-awq_w4_16-scale-5-rep1,awq_w4_16,5.0,1,6144,6,1,1.513947973,1.513947973,1.513947973,1.513947973
cross-awq_w4_16-scale-5-rep1,awq_w4_16,5.0,1,7168,7,1,1.801481914,1.801481914,1.801481914,1.801481914
cross-awq_w4_16-scale-5-rep1,awq_w4_16,5.0,1,8192,8,3,2.030697117666667,2.039376632,2.0394810131,2.03949029142
cross-awq_w4_16-scale-5-rep1,awq_w4_16,5.0,1,9216,9,2,2.2942167815,2.2942167815,2.29473678935,2.29478301227
cross-awq_w4_16-scale-6-rep1,awq_w4_16,6.0,1,1024,1,1,0.269643821,0.269643821,0.269643821,0.269643821
cross-awq_w4_16-scale-6-rep1,awq_w4_16,6.0,1,3072,3,1,0.762748363,0.762748363,0.762748363,0.762748363
cross-awq_w4_16-scale-6-rep1,awq_w4_16,6.0,1,4096,4,1,1.018072754,1.018072754,1.018072754,1.018072754
cross-awq_w4_16-scale-6-rep1,awq_w4_16,6.0,1,6144,6,1,1.517277272,1.517277272,1.517277272,1.517277272
cross-awq_w4_16-scale-6-rep1,awq_w4_16,6.0,1,7168,7,1,1.793216202,1.793216202,1.793216202,1.793216202
cross-awq_w4_16-scale-6-rep1,awq_w4_16,6.0,1,8192,8,2,2.0204610855,2.0204610855,2.02712651835,2.02771900127
cross-awq_w4_16-scale-6-rep1,awq_w4_16,6.0,1,9216,9,3,2.290137572,2.289601803,2.2945250099999996,2.2949626284
cross-fp16_0-scale-6-rep1,fp16_0,6.0,1,1024,1,2,0.27023354850000003,0.27023354850000003,0.27459284565000003,0.27498033873
cross-fp16_0-scale-6-rep1,fp16_0,6.0,1,2048,2,1,0.506408857,0.506408857,0.506408857,0.506408857
cross-fp16_0-scale-6-rep1,fp16_0,6.0,1,3072,3,1,0.740077179,0.740077179,0.740077179,0.740077179
cross-fp16_0-scale-6-rep1,fp16_0,6.0,1,4096,4,1,0.967648547,0.967648547,0.967648547,0.967648547
cross-fp16_0-scale-6-rep1,fp16_0,6.0,1,6144,6,2,1.444331336,1.444331336,1.4555731874000002,1.45657246308
cross-fp16_0-scale-6-rep1,fp16_0,6.0,1,7168,7,1,1.690172414,1.690172414,1.690172414,1.690172414
cross-fp16_0-scale-6-rep1,fp16_0,6.0,1,8192,8,2,1.908128984,1.908128984,1.9173697664,1.91819116928
cross-fp16_0-scale-6-rep1,fp16_0,6.0,1,9216,9,2,2.1545379039999997,2.1545379039999997,2.1613925469999997,2.1620018485999997
