condition,scale,nominal_offered_rps,run_count,run_ids,ttft_s_p50_mean,ttft_s_p50_min,ttft_s_p50_max,ttft_s_p95_mean,ttft_s_p95_min,ttft_s_p95_max,ttft_s_p99_mean,ttft_s_p99_min,ttft_s_p99_max,strict_ttft_gt_2s_percent_mean,strict_ttft_gt_2s_percent_min,strict_ttft_gt_2s_percent_max,queueing_delay_s_p50_mean,queueing_delay_s_p50_min,queueing_delay_s_p50_max,queueing_delay_s_p95_mean,queueing_delay_s_p95_min,queueing_delay_s_p95_max,queueing_delay_s_p99_mean,queueing_delay_s_p99_min,queueing_delay_s_p99_max,first_prefill_to_first_output_s_p50_mean,first_prefill_to_first_output_s_p50_min,first_prefill_to_first_output_s_p50_max,first_prefill_to_first_output_s_p95_mean,first_prefill_to_first_output_s_p95_min,first_prefill_to_first_output_s_p95_max,first_prefill_to_first_output_s_p99_mean,first_prefill_to_first_output_s_p99_min,first_prefill_to_first_output_s_p99_max,tpot_s_p50_mean,tpot_s_p50_min,tpot_s_p50_max,tpot_s_p95_mean,tpot_s_p95_min,tpot_s_p95_max,tpot_s_p99_mean,tpot_s_p99_min,tpot_s_p99_max,completed_throughput_rps_mean,completed_throughput_rps_min,completed_throughput_rps_max,waiting_queue_area_request_s_mean,waiting_queue_area_request_s_min,waiting_queue_area_request_s_max,kv_ge095_duration_s_mean,kv_ge095_duration_s_min,kv_ge095_duration_s_max,preemption_count_mean,preemption_count_min,preemption_count_max,prefill_sequence_count_p50_mean,prefill_sequence_count_p50_min,prefill_sequence_count_p50_max,prefill_sequence_count_p95_mean,prefill_sequence_count_p95_min,prefill_sequence_count_p95_max,prefill_effective_gemm_m_p50_mean,prefill_effective_gemm_m_p50_min,prefill_effective_gemm_m_p50_max,prefill_effective_gemm_m_p95_mean,prefill_effective_gemm_m_p95_min,prefill_effective_gemm_m_p95_max,prefill_execution_duration_s_p50_mean,prefill_execution_duration_s_p50_min,prefill_execution_duration_s_p50_max,prefill_execution_duration_s_p95_mean,prefill_execution_duration_s_p95_min,prefill_execution_duration_s_p95_max
fp16_0,6.0,0.6666666666666666,2,cross-fp16_0-scale-6-rep0;cross-fp16_0-scale-6-rep1,1.91920790325,1.8984897605,1.939926046,2.196980779675,2.17455166565,2.2194098937,6.912861400054997,5.307979149129994,8.517743650979998,32.8125,32.8125,32.8125,0.017147494,0.010522817,0.023772171,0.040424034,0.040358928,0.04048914,6.473881372584996,4.869183634579994,8.078579110589999,1.887913894,1.87796634,1.897861448,2.153268243,2.144382312,2.162154174,2.153268243,2.144382312,2.162154174,0.0462963489481409,0.04283686968395303,0.04975582821232877,0.05205105277049902,0.04996804422045009,0.054134061320547947,0.054119190891164376,0.05102567968485322,0.05721270209747553,0.516310899556933,0.5094943637903995,0.5231274353234666,19.387313244500007,14.077451412999991,24.697175076000022,13.213947189999999,10.184540815999995,16.243353564000003,4.0,4.0,4.0,6.0,6.0,6.0,9.0,9.0,9.0,6144.0,6144.0,6144.0,9216.0,9216.0,9216.0,1.43664559125,1.4289598465,1.444331336,2.14625967,2.1387430629999997,2.153776277
fp16_0,5.75,0.6956521739130435,2,cross-fp16_0-scale-5p75-rep0;cross-fp16_0-scale-5p75-rep1,1.93603573525,1.9303879099999999,1.9416835605,2.208761823275,2.2059665498000003,2.21155709675,8.288464852499999,8.10427187981,8.47265782519,39.0625,32.8125,45.3125,0.0166533385,0.013373014,0.019933663,0.026986085,0.025831838,0.028140332,7.805937290019999,7.668036611039999,7.943837969,1.9012729025000001,1.898960452,1.903585353,2.1755417505,2.166842326,2.184241175,2.1755417505,2.166842326,2.184241175,0.048430697360567515,0.04813273057534247,0.04872866414579256,0.052766904483219176,0.05137568951174168,0.054158119454696674,0.05690820250692758,0.055916893307044996,0.05789951170681017,0.5277420264937216,0.5254141603806546,0.5300698926067886,20.637898453000034,16.168047159999986,25.10774974600008,16.26547084899999,15.31967083699999,17.21127086099999,5.0,4.0,6.0,6.0,6.0,6.0,9.0,9.0,9.0,6144.0,6144.0,6144.0,9216.0,9216.0,9216.0,1.4543071505,1.4473944859999999,1.461219815,2.169635744375,2.1603276447499997,2.178943844
fp16_0,5.5,0.7272727272727273,2,cross-fp16_0-scale-5p5-rep0;cross-fp16_0-scale-5p5-rep1,1.934993473,1.9196253305000002,1.9503616154999999,2.4950308052,2.2377665997,2.7522950106999997,5.547040596819979,4.780064125099983,6.314017068539975,43.75,43.75,43.75,0.018597335,0.009561099,0.027633571,0.19272927250000002,0.038767172,0.346691373,3.598528082444977,3.287675300599978,3.9093808642899757,1.9054001635,1.902644993,1.908155334,2.2847981610000003,2.185341831,2.384254491,2.2847981610000003,2.185341831,2.384254491,0.04847540001614481,0.046693578494129154,0.05025722153816047,0.05516501098590998,0.05455478078933464,0.05577524118248532,0.061324341387671226,0.060591071136281795,0.06205761163906066,0.5414626583836217,0.5387034792419536,0.5442218375252899,12.389640847500033,10.612072848999972,14.167208846000094,18.95240048,18.197884020000004,19.70691694,7.0,7.0,7.0,7.0,7.0,7.0,9.275,9.0,9.55,7168.0,7168.0,7168.0,9497.6,9216.0,9779.2,1.69974802325,1.6978590015,1.701637045,2.234713578175,2.1819381485,2.28748900785
fp16_0,5.25,0.7619047619047619,2,cross-fp16_0-scale-5p25-rep0;cross-fp16_0-scale-5p25-rep1,1.9425057675000001,1.9377828990000001,1.9472286360000002,3.5567236474749997,3.0850816234,4.02836567155,6.9561940376299765,6.484773050369977,7.427615024889976,43.75,43.75,43.75,0.02132080525,0.018996854,0.023644756500000003,1.1535767605,0.685121455,1.622032066,4.553247590114977,4.085252845629977,5.021242334599977,1.9066814305,1.905775906,1.907586955,2.3839124405,2.37882161,2.389003271,2.3839124405,2.37882161,2.389003271,0.048945047763698624,0.048512514871819956,0.0493775806555773,0.05629191369227006,0.055923574865362036,0.056660252519178084,0.062241566259041085,0.06170415420240703,0.06277897831567514,0.5523077079736352,0.5496763879019027,0.5549390280453675,20.39532086400004,14.435804898,26.35483683000008,20.198186636500004,20.05024272,20.34613055300001,7.5,7.0,8.0,7.0,7.0,7.0,9.55,9.55,9.55,7168.0,7168.0,7168.0,9779.2,9779.2,9779.2,1.69915239525,1.6985586005,1.69974619,2.288601298625,2.28331202645,2.2938905708000004
fp16_0,5.0,0.8,2,cross-fp16_0-scale-5-rep0;cross-fp16_0-scale-5-rep1,2.1886385712500003,2.182210043,2.1950670995,4.789046051574999,4.7795842502,4.798507852949999,8.026802256954978,8.017130530889979,8.036473983019977,52.34375,51.5625,53.125,0.024541355,0.021190522,0.027892188,2.3802779115000003,2.367428636,2.393127187,5.6179637957999775,5.605210531599978,5.630717059999977,1.8998168519999998,1.898803686,1.900830018,2.3874240694999997,2.383656929,2.39119121,2.3874240694999997,2.383656929,2.39119121,0.04906817524657534,0.04892331447749511,0.049213036015655576,0.055777772715410956,0.05540071037103718,0.05615483505978474,0.06131209930255381,0.06064104762385518,0.06198315098125244,0.5712513630176859,0.568666686339122,0.5738360396962497,39.74428526499999,38.58951151200002,40.89905901799996,21.474086123500005,20.969243007000003,21.978929240000006,7.5,7.0,8.0,5.5,5.5,5.5,9.45,9.45,9.45,5632.0,5632.0,5632.0,9676.8,9676.8,9676.8,1.3209428545,1.3205073139999999,1.321378395,2.2642638919749998,2.2615750899999996,2.26695269395
fp16_0,4.75,0.8421052631578947,2,cross-fp16_0-scale-4p75-rep0;cross-fp16_0-scale-4p75-rep1,1.95100727825,1.9482043225,1.953810234,3.5124815111750003,2.4193233160500003,4.6056397063,6.602136875749979,5.5229619708599795,7.681311780639978,43.75,43.75,43.75,0.024534402,0.023176927,0.025891877,1.1189729560000001,0.038665259,2.199280653,4.206307136949979,3.1376715002799784,5.274942773619979,1.901735515,1.897398874,1.906072156,2.3823538975,2.376139749,2.388568046,2.3823538975,2.376139749,2.388568046,0.042689514034246576,0.04256156283757338,0.04281746523091977,0.053300057725342465,0.051749649223972606,0.05485046622671233,0.05953463329173189,0.05787207038001956,0.061197196203444215,0.6000766516814394,0.5942628385168004,0.6058904648460784,18.526496546500006,8.26370765499999,28.78928543800002,19.21003396900001,18.705598803,19.714469135000016,7.5,7.0,8.0,7.0,7.0,7.0,9.55,9.55,9.55,7168.0,7168.0,7168.0,9779.2,9779.2,9779.2,1.6976636795,1.6944152639999999,1.700912095,2.2849664239000003,2.2794496102500004,2.29048323755
fp16_0,4.5,0.8888888888888888,2,cross-fp16_0-scale-4p5-rep0;cross-fp16_0-scale-4p5-rep1,1.951459399,1.939288465,1.963630333,10.302094155175,10.17263198425,10.4315563261,15.166707551989987,15.101348337129986,15.232066766849988,32.8125,32.8125,32.8125,0.035076853000000005,0.029613104,0.040540602,8.1052585525,7.975572803,8.234944302,14.168209050629992,14.10425110205999,14.232166999199993,1.57819838375,1.5746347905,1.581761977,2.176979298,2.17512646,2.178832136,2.176979298,2.17512646,2.178832136,0.05072884234393346,0.05067340448434442,0.050784280203522505,0.05888436166139922,0.0587807522167319,0.058987971106066545,0.06515459298120349,0.06510418219720154,0.06520500376520545,0.6000307383587787,0.5983701099905007,0.6016913667270568,139.42051673250006,136.67256756800003,142.1684658970001,37.465092145499995,37.226286624,37.703897666999985,12.0,12.0,12.0,4.0,4.0,4.0,8.35,8.35,8.35,4096.0,4096.0,4096.0,8550.4,8550.4,8550.4,0.9819040235000001,0.9791328955,0.9846751515000001,2.00189875925,1.99962268935,2.00417482915
fp16_0,4.25,0.9411764705882353,2,cross-fp16_0-scale-4p25-rep0;cross-fp16_0-scale-4p25-rep1,1.9395465650000001,1.9356960505,1.9433970795,12.27694986445,11.922549724800001,12.6313500041,16.231424216869986,16.108513007909988,16.354335425829984,38.28125,32.8125,43.75,0.0277171735,0.027574483,0.027859864,10.3322921235,9.983554195,10.681030052,15.17918822513999,15.05913334361999,15.29924310665999,1.509084813,1.443789814,1.574379812,2.040886237,1.930533272,2.151239202,2.040886237,1.930533272,2.151239202,0.05028151092367906,0.049391172430528374,0.05117184941682974,0.06020792812142857,0.05991347978052838,0.06050237646232877,0.0670828565520352,0.06704959664590997,0.06711611645816044,0.6225899423712878,0.6204505614483126,0.6247293232942631,169.35878479999994,160.69441952599996,178.02315007399991,38.827793943500005,35.674743196,41.98084469100001,12.5,12.0,13.0,3.75,3.5,4.0,8.2,8.0,8.4,3840.0,3584.0,4096.0,8396.8,8192.0,8601.6,0.9243128112500001,0.8632967415,0.985328881,1.964709625675,1.91756560475,2.0118536466
fp16_0,4.0,1.0,2,cross-fp16_0-scale-4-rep0;cross-fp16_0-scale-4-rep1,2.185231442,2.1810604435,2.1894024405,17.11375874615,16.6991213878,17.5283961045,18.659904364514986,18.333792230489987,18.98601649853999,59.375,59.375,59.375,0.0376539495,0.034925405,0.040382494,14.9219658885,14.512669435,15.331262342,17.173004269049983,16.850222187539984,17.495786350559985,1.9046984045,1.88817944,1.921217369,2.1722498845000002,2.166065811,2.178433958,2.1722498845000002,2.166065811,2.178433958,0.051842278940802344,0.051674319269080234,0.05201023861252446,0.06348443188708414,0.06304110992984344,0.06392775384432485,0.06760306078195694,0.0667005905207045,0.06850553104320938,0.6233326081090873,0.6172699626178899,0.6293952536002848,234.15829774649998,233.70645374499992,234.61014174800005,49.44635854600001,48.65037099200002,50.242346100000006,15.0,14.0,16.0,4.0,4.0,4.0,9.0,9.0,9.0,4096.0,4096.0,4096.0,9216.0,9216.0,9216.0,0.983255986,0.982278931,0.984233041,2.1625131957,2.1523806538000003,2.1726457376
awq_w4_16,6.0,0.6666666666666666,2,cross-awq_w4_16-scale-6-rep0;cross-awq_w4_16-scale-6-rep1,2.0799763970000003,2.074938566,2.085014228,2.3421060245499996,2.3288854967,2.3553265523999998,2.34216847019,2.3289549469299997,2.35538199345,67.1875,67.1875,67.1875,0.018062302,0.007780721,0.028343883,0.0366617115,0.034421445,0.038901978,0.039380475014999985,0.038188679179999976,0.04057227084999999,2.02843458,2.027867122,2.029002038,2.298796846,2.295072033,2.302521659,2.298796846,2.295072033,2.302521659,0.0479438998444227,0.04673539965362035,0.04915240003522505,0.05350094881394325,0.05332761863424658,0.05367427899363992,0.05350742241174168,0.05333247679624266,0.05368236802724071,0.5350671863427591,0.5344213239900597,0.5357130486954584,0.8774803134999658,0.0,1.7549606269999316,0.0,0.0,0.0,0.0,0.0,0.0,7.5,7.5,7.5,9.0,9.0,9.0,7680.0,7680.0,7680.0,9216.0,9216.0,9216.0,1.8909303557500001,1.878725086,1.9031356255,2.2903678417749997,2.28812525405,2.2926104295
awq_w4_16,5.75,0.6956521739130435,2,cross-awq_w4_16-scale-5p75-rep0;cross-awq_w4_16-scale-5p75-rep1,2.0759508435000003,2.0611656785,2.0907360085000004,2.3505834017,2.33820399115,2.36296281225,2.4262335274049995,2.3630356304799998,2.489431424329999,67.1875,67.1875,67.1875,0.011742622,0.007102416,0.016382828,0.047483613,0.045814674,0.049152552,0.4927657662299969,0.049152552,0.9363789804599938,2.036582129,2.035494934,2.037669324,2.2977171675,2.293322736,2.302111599,2.2977171675,2.293322736,2.302111599,0.05133148436741683,0.049826617444227006,0.052836351290606653,0.05695545452441292,0.054582224487181995,0.059328684561643835,0.05695991918573386,0.054586649411722116,0.0593331889597456,0.5474613477950863,0.5436856591550161,0.5512370364351564,1.2543380539999944,0.0,2.508676107999989,0.0,0.0,0.0,0.0,0.0,0.0,7.25,7.0,7.5,9.0,9.0,9.0,7424.0,7168.0,7680.0,9216.0,9216.0,9216.0,1.8536225905000001,1.800243469,1.907001712,2.293936787,2.2890156504999997,2.2988579235
awq_w4_16,5.5,0.7272727272727273,2,cross-awq_w4_16-scale-5p5-rep0;cross-awq_w4_16-scale-5p5-rep1,2.07299073025,2.0715009735,2.074480487,2.346029672825,2.3345106204499997,2.3575487252,2.779682624864997,2.434057614949999,3.1253076347799946,67.1875,67.1875,67.1875,0.025252907999999998,0.021903434,0.028602382,0.043893016,0.032752522,0.05503351,1.2214768191549918,0.8770714123499943,1.5658822259599894,2.0419545695,2.03788948,2.046019659,2.2994653434999996,2.296150858,2.302779829,2.2994653434999996,2.296150858,2.302779829,0.051086841030821915,0.05026878936790606,0.05190489269373777,0.05825612712392368,0.056493841025146777,0.06001841322270059,0.05826016688681018,0.056497290852857145,0.060023042920763214,0.5650954530943472,0.5593197910819341,0.5708711151067603,3.1377913184999997,2.257816841999997,4.0177657950000025,0.0,0.0,0.0,0.0,0.0,0.0,7.0,7.0,7.0,9.0,9.0,9.0,7168.0,7168.0,7168.0,9216.0,9216.0,9216.0,1.808130271,1.806847211,1.809413331,2.29239937925,2.2877794015,2.297019357
awq_w4_16,5.25,0.7619047619047619,2,cross-awq_w4_16-scale-5p25-rep0;cross-awq_w4_16-scale-5p25-rep1,2.07271721675,2.0715897245,2.0738447090000003,2.3436631312,2.3411548105,2.3461714519,3.442263702374992,3.2584520131999932,3.626075391549991,67.1875,67.1875,67.1875,0.01899642,0.01826665,0.01972619,0.0353022155,0.031383402,0.039221029,1.8789718891999871,1.6949143218099882,2.063029456589986,2.0375155874999997,2.03541776,2.039613415,2.295718467,2.294423051,2.297013883,2.295718467,2.294423051,2.297013883,0.05323172327054794,0.051158295947162424,0.055305150593933455,0.059218518243493154,0.05827341759295499,0.06016361889403131,0.05922240685793542,0.058276834363874756,0.06016797935199608,0.5729186138012783,0.5678184735300413,0.5780187540725151,8.03400575199997,7.5320952220000095,8.535916281999931,0.0,0.0,0.0,0.0,0.0,0.0,7.0,7.0,7.0,9.0,9.0,9.0,7168.0,7168.0,7168.0,9216.0,9216.0,9216.0,1.8064197100000001,1.806181615,1.806657805,2.29126815525,2.2906817725,2.291854538
awq_w4_16,5.0,0.8,2,cross-awq_w4_16-scale-5-rep0;cross-awq_w4_16-scale-5-rep1,2.0797553832499998,2.0630729514999997,2.096437815,2.3439607215500002,2.343763523,2.3441579201000002,3.8891141559349895,3.8405822627399897,3.937646049129989,67.1875,67.1875,67.1875,0.0249967475,0.018647622,0.031345873,0.043589338000000005,0.042446574,0.044732102,2.330966226814984,2.2830275941199845,2.378904859509984,2.0368763850000002,2.034376138,2.039376632,2.2936607205,2.292526873,2.294794568,2.2936607205,2.292526873,2.294794568,0.05250232871819961,0.05245957394227006,0.05254508349412916,0.058998463612818006,0.058743957082485324,0.05925297014315069,0.05900172023895303,0.05874610837913895,0.059257332098767115,0.5905050544801221,0.5899574892685608,0.5910526196916834,8.414017374499991,8.289071975000041,8.538962773999941,0.0,0.0,0.0,0.0,0.0,0.0,7.0,7.0,7.0,9.0,9.0,9.0,7168.0,7168.0,7168.0,9216.0,9216.0,9216.0,1.7997072685,1.797932623,1.801481914,2.29136976675,2.288522752,2.2942167815
awq_w4_16,4.75,0.8421052631578947,2,cross-awq_w4_16-scale-4p75-rep0;cross-awq_w4_16-scale-4p75-rep1,2.078988844,2.0713052684999997,2.0866724195,2.35863359215,2.3425798403,2.374687344,3.2860478946249936,2.793784635709997,3.77831115353999,67.1875,67.1875,67.1875,0.018884395,0.015529103999999998,0.022239686,0.0407132795,0.040488024,0.040938535,1.7161692158749884,1.2137354625099919,2.218602969239985,2.0456780515,2.036871283,2.05448482,2.3043583840000004,2.293996416,2.314720352,2.3043583840000004,2.293996416,2.314720352,0.04644950869960861,0.041758891113502936,0.05114012628571429,0.0531676000785225,0.05046681358727984,0.05586838656976517,0.05317271171425636,0.050471832850939334,0.055873590577573386,0.6367765430866437,0.616286314801254,0.6572667713720335,6.272426496499996,5.018569033999995,7.526283958999997,0.0,0.0,0.0,0.0,0.0,0.0,7.0,7.0,7.0,9.0,9.0,9.0,7168.0,7168.0,7168.0,9216.0,9216.0,9216.0,1.809498615,1.797382371,1.821614859,2.29957426575,2.287038465,2.3121100665
awq_w4_16,4.5,0.8888888888888888,2,cross-awq_w4_16-scale-4p5-rep0;cross-awq_w4_16-scale-4p5-rep1,2.0935998925,2.089807619,2.0973921659999997,2.3612820644,2.3378481941,2.3847159347,4.715666785599984,4.447012449529986,4.984321121669982,67.1875,67.1875,67.1875,0.029422178,0.029263796,0.02958056,0.0569879565,0.04685417,0.067121743,3.154717451544979,2.8949657829799804,3.414469120109977,2.04199425,2.036858419,2.047130081,2.302602202,2.298989176,2.306215228,2.302602202,2.298989176,2.306215228,0.052911095999021523,0.052073652435420746,0.05374853956262231,0.05819176295875734,0.05683973070636008,0.0595437952111546,0.05819636403666341,0.05684477841084149,0.05954794966248532,0.6191451241727817,0.6176126555813386,0.6206775927642247,8.661965788000007,8.03416231500001,9.289769261000004,0.0,0.0,0.0,0.0,0.0,0.0,7.0,7.0,7.0,9.0,9.0,9.0,7168.0,7168.0,7168.0,9216.0,9216.0,9216.0,1.8060780785000001,1.803517958,1.808638199,2.2943113892499998,2.289093057,2.2995297215
awq_w4_16,4.25,0.9411764705882353,2,cross-awq_w4_16-scale-4p25-rep0;cross-awq_w4_16-scale-4p25-rep1,2.01265197575,1.9454392029999998,2.0798647485000004,2.575431604325,2.3373932800499997,2.8134699286000004,5.52497235118498,5.140052543829981,5.9098921585399795,53.125,50.0,56.25,0.0195056885,0.019135812,0.019875564999999998,1.1780177888750005,0.035294625,2.320740952750001,5.18203587729498,4.785151733449981,5.578920021139979,1.918346423,1.808167854,2.028524992,2.296060938,2.290741391,2.301380485,2.296060938,2.290741391,2.301380485,0.05399557205870841,0.05160381897162426,0.05638732514579256,0.05899590593321918,0.057941833711056746,0.06004997815538161,0.06013591823474558,0.05923775440133071,0.06103408206816046,0.6411164245625999,0.6360614879557512,0.6461713611694485,18.943593526499974,13.796953260999985,24.090233791999964,0.0,0.0,0.0,0.0,0.0,0.0,5.5,4.5,6.5,9.0,9.0,9.0,5632.0,4608.0,6656.0,9216.0,9216.0,9216.0,1.4082641790000001,1.1529159560000002,1.663612402,2.2935864566250004,2.2876297643,2.2995431489500002
awq_w4_16,4.0,1.0,2,cross-awq_w4_16-scale-4-rep0;cross-awq_w4_16-scale-4-rep1,1.9414495825,1.9413869135000001,1.9415122514999998,4.782383449575001,3.6815341997500015,5.883232699400001,7.91919039116498,7.135755944869977,8.702624837459982,50.0,50.0,50.0,0.0280922555,0.02702702,0.029157491,4.292170019200001,3.143032605600002,5.4413074328,7.585072182894979,6.844567711689978,8.325576654099981,1.801099313,1.797135072,1.805063554,2.28840078,2.287466608,2.289334952,2.28840078,2.287466608,2.289334952,0.057102376534735814,0.05488414632778865,0.05932060674168298,0.06137951151389433,0.06081367002397261,0.06194535300381605,0.0620621676260274,0.060963516685655576,0.06316081856639921,0.6439652062428951,0.6394012135579213,0.648529198927869,33.63527126300001,27.374319868000004,39.89622265800001,0.0,0.0,0.0,0.0,0.0,0.0,4.5,4.5,4.5,9.0,9.0,9.0,4608.0,4608.0,4608.0,9216.0,9216.0,9216.0,1.1488577384999998,1.1460171005,1.1516983765,2.2806186787250002,2.2775081777,2.28372917975
