run_id,condition,precision_state,scale,nominal_offered_rps,repeat,protocol_valid,request_count,completed_request_count,failed_or_incomplete_request_count,strict_ttft_gt_2s_count,strict_ttft_gt_2s_percent,measurement_duration_s,completed_throughput_rps,generated_token_throughput_tps,safe_kv_blocks,safe_kv_token_slots,swap_in_count,swap_out_count,preemption_count,waiting_queue_area_request_s,waiting_ge4_duration_s,waiting_gt0_longest_duration_s,waiting_ge4_longest_duration_s,kv_ge090_duration_s,kv_ge095_duration_s,kv_ge098_duration_s,kv_ge095_fraction,peak_waiting_q_depth,peak_running_q_count,peak_swapped_q_count,peak_logical_kv_utilization,minimum_logical_free_kv_blocks,forward_batch_count,prefill_batch_count,decode_batch_count,ttft_s_count,ttft_s_mean,ttft_s_p50,ttft_s_p95,ttft_s_p99,queueing_delay_s_count,queueing_delay_s_mean,queueing_delay_s_p50,queueing_delay_s_p95,queueing_delay_s_p99,first_prefill_to_first_output_s_count,first_prefill_to_first_output_s_mean,first_prefill_to_first_output_s_p50,first_prefill_to_first_output_s_p95,first_prefill_to_first_output_s_p99,tpot_s_count,tpot_s_mean,tpot_s_p50,tpot_s_p95,tpot_s_p99,arrival_to_scheduler_eligible_s_count,arrival_to_scheduler_eligible_s_mean,arrival_to_scheduler_eligible_s_p50,arrival_to_scheduler_eligible_s_p95,arrival_to_scheduler_eligible_s_p99,waiting_q_depth_count,waiting_q_depth_mean,waiting_q_depth_p50,waiting_q_depth_p95,waiting_q_depth_p99,running_q_count_count,running_q_count_mean,running_q_count_p50,running_q_count_p95,running_q_count_p99,swapped_q_count_count,swapped_q_count_mean,swapped_q_count_p50,swapped_q_count_p95,swapped_q_count_p99,num_decoding_gpu_blocks_count,num_decoding_gpu_blocks_mean,num_decoding_gpu_blocks_p50,num_decoding_gpu_blocks_p95,num_decoding_gpu_blocks_p99,logical_kv_utilization_count,logical_kv_utilization_mean,logical_kv_utilization_p50,logical_kv_utilization_p95,logical_kv_utilization_p99,forward_batch_size_count,forward_batch_size_mean,forward_batch_size_p50,forward_batch_size_p95,forward_batch_size_p99,prefill_sequence_count_count,prefill_sequence_count_mean,prefill_sequence_count_p50,prefill_sequence_count_p95,prefill_sequence_count_p99,prefill_total_tokens_count,prefill_total_tokens_mean,prefill_total_tokens_p50,prefill_total_tokens_p95,prefill_total_tokens_p99,prefill_effective_gemm_m_count,prefill_effective_gemm_m_mean,prefill_effective_gemm_m_p50,prefill_effective_gemm_m_p95,prefill_effective_gemm_m_p99,prefill_execution_duration_s_count,prefill_execution_duration_s_mean,prefill_execution_duration_s_p50,prefill_execution_duration_s_p95,prefill_execution_duration_s_p99,decode_sequence_count_count,decode_sequence_count_mean,decode_sequence_count_p50,decode_sequence_count_p95,decode_sequence_count_p99,batch_waiting_before_scheduling_count,batch_waiting_before_scheduling_mean,batch_waiting_before_scheduling_p50,batch_waiting_before_scheduling_p95,batch_waiting_before_scheduling_p99,batch_running_before_scheduling_count,batch_running_before_scheduling_mean,batch_running_before_scheduling_p50,batch_running_before_scheduling_p95,batch_running_before_scheduling_p99,batch_used_kv_blocks_before_scheduling_count,batch_used_kv_blocks_before_scheduling_mean,batch_used_kv_blocks_before_scheduling_p50,batch_used_kv_blocks_before_scheduling_p95,batch_used_kv_blocks_before_scheduling_p99,batch_allocated_kv_blocks_after_forward_count,batch_allocated_kv_blocks_after_forward_mean,batch_allocated_kv_blocks_after_forward_p50,batch_allocated_kv_blocks_after_forward_p95,batch_allocated_kv_blocks_after_forward_p99
cross-fp16_0-scale-6-rep0,fp16_0,FP16,6.0,0.6666666666666666,0,True,64,64,0,21,32.8125,122.341126996,0.5231274353234666,267.8412468856149,1768,28288,4,4,4,14.077451412999991,0.0,6.291630218999998,0.0,10.184540815999995,10.184540815999995,7.172470634999996,0.08324707370345692,2.0,23.0,2.0,1.0,0,2924,12,2911,64,1.897708202046875,1.8984897605,2.17455166565,5.307979149129994,64,0.236235606875,0.010522817,0.040358928,4.869183634579994,64,1.6428703401875,1.87796634,2.144382312,2.144382312,64,0.04284970330283757,0.04283686968395303,0.04996804422045009,0.05102567968485322,64,0.01828054578125,0.019356946,0.0214408819,0.02156080549,488,0.11270491803278689,0.0,1.0,2.0,488,12.200819672131148,11.0,21.0,23.0,488,0.06762295081967214,0.0,0.0,2.0,488,973.1168032786885,868.5,1739.0,1767.0,488,0.5504054317187153,0.4912330316742081,0.9835972850678733,0.9994343891402715,2924,11.20656634746922,10.0,20.0,22.0,12,5.333333333333333,6.0,9.0,9.0,12,5461.333333333333,6144.0,9216.0,9216.0,12,5461.333333333333,6144.0,9216.0,9216.0,12,1.2755719351666668,1.4289598465,2.1387430629999997,2.1432544622,2911,11.234627275850224,10.0,20.0,22.0,2924,0.09404924760601915,0.0,1.0,2.0,2924,11.22469220246238,10.0,20.0,22.0,2924,904.7130642954857,832.0,1702.6999999999998,1758.77,2924,904.7236662106703,832.0,1702.6999999999998,1758.77
cross-fp16_0-scale-6-rep1,fp16_0,FP16,6.0,0.6666666666666666,1,True,64,64,0,21,32.8125,125.614735998,0.5094943637903995,260.86111426068453,1768,28288,4,4,4,24.697175076000022,0.0,8.542385003999996,0.0,16.494388966000002,16.243353564000003,6.699439833999989,0.12931089202988594,2.0,23.0,2.0,0.9983031674208145,3,2653,12,2639,64,2.074925248625,1.939926046,2.2194098937,8.517743650979998,64,0.3982302365625,0.023772171,0.04048914,8.078579110589999,64,1.65810999190625,1.897861448,2.162154174,2.162154174,64,0.04835152985698997,0.04975582821232877,0.054134061320547947,0.05721270209747553,64,0.018243942671875,0.018671023000000002,0.02164130505,0.021792912419999998,501,0.1936127744510978,0.0,2.0,2.0,501,13.291417165668662,13.0,22.0,23.0,501,0.10778443113772455,0.0,1.0,2.0,501,1058.8802395209582,1119.0,1733.0,1757.0,501,0.5989141626249763,0.6329185520361991,0.9802036199095022,0.9937782805429864,2653,12.351300414624953,11.0,21.0,23.0,12,5.333333333333333,6.0,9.0,9.0,12,5461.333333333333,6144.0,9216.0,9216.0,12,5461.333333333333,6144.0,9216.0,9216.0,12,1.2882308785,1.444331336,2.153776277,2.1604785946,2639,12.392572944297083,11.0,21.0,23.0,2653,0.1752732755371278,0.0,2.0,2.0,2653,12.372785525819827,11.0,21.0,23.0,2653,997.1907274783264,878.0,1736.0,1759.0,2653,997.2024123633622,878.0,1736.0,1759.0
cross-awq_w4_16-scale-6-rep0,awq_w4_16,AWQ-Marlin W4-16,6.0,0.6666666666666666,0,True,64,64,0,43,67.1875,119.466942528,0.5357130486954584,274.2850809320747,4286,68576,0,0,0,1.7549606269999316,0.25070866099999023,0.25070866099999023,0.25070866099999023,0.0,0.0,0.0,0.0,7.0,24.0,0.0,0.47666822211852544,2243,2495,10,2483,64,1.933654857703125,2.074938566,2.3553265523999998,2.35538199345,64,0.022445983796875,0.028343883,0.034421445,0.038188679179999976,64,1.893576339125,2.029002038,2.302521659,2.302521659,64,0.0473951426565252,0.04673539965362035,0.05332761863424658,0.05333247679624266,64,0.017353364640625,0.0178873445,0.02084759905,0.02098578109,478,0.014644351464435146,0.0,0.0,0.0,478,13.96234309623431,15.0,24.0,24.0,478,0.0,0.0,0.0,0.0,478,1113.2928870292887,1121.0,1920.4499999999998,2005.6100000000001,478,0.25975102357192925,0.2615492300513299,0.44807512832477836,0.4679444703686421,2495,13.133466933867735,11.0,24.0,24.0,10,6.4,7.5,9.0,9.0,10,6553.6,7680.0,9216.0,9216.0,10,6553.6,7680.0,9216.0,9216.0,10,1.6085715224000001,1.878725086,2.28812525405,2.29964237801,2483,13.171163914619411,11.0,24.0,24.0,2495,0.02565130260521042,0.0,0.0,0.0,2495,13.146292585170341,11.0,24.0,24.0,2495,1059.3098196392787,876.0,1932.0,2004.4199999999996,2495,1059.6300601202404,876.0,1932.0,2004.4199999999996
cross-awq_w4_16-scale-6-rep1,awq_w4_16,AWQ-Marlin W4-16,6.0,0.6666666666666666,1,True,64,64,0,43,67.1875,119.755700469,0.5344213239900597,273.62371788291057,4286,68576,0,0,0,0.0,0.0,0.0,0.0,0.0,0.0,0.0,0.0,0.0,24.0,0.0,0.47316845543630426,2258,2523,10,2511,64,1.945658877875,2.085014228,2.3288854967,2.3289549469299997,64,0.014164614546874999,0.007780721,0.038901978,0.04057227084999999,64,1.91324138725,2.027867122,2.295072033,2.295072033,64,0.04760453270823141,0.04915240003522505,0.05367427899363992,0.05368236802724071,64,0.01793066375,0.018278971499999998,0.0198629707,0.01997523871,479,0.0,0.0,0.0,0.0,479,13.993736951983298,15.0,24.0,24.0,479,0.0,0.0,0.0,0.0,479,1115.9561586638831,1144.0,1920.3000000000002,2004.0,479,0.26037241219409313,0.26691553896406905,0.44804013065795617,0.46756882874475036,2523,12.987713040031709,11.0,24.0,24.0,10,6.4,7.5,9.0,9.0,10,6553.6,7680.0,9216.0,9216.0,10,6553.6,7680.0,9216.0,9216.0,10,1.6272293299,1.9031356255,2.2926104295,2.2945797123,2511,13.024293110314616,11.0,24.0,24.0,2523,0.02536662703131193,0.0,0.0,0.0,2523,13.000396353547364,11.0,24.0,24.0,2523,1047.5513277843836,870.0,1922.7000000000003,2004.0,2523,1047.8680142687276,870.0,1922.7000000000003,2004.0
cross-fp16_0-scale-5p75-rep0,fp16_0,FP16,5.75,0.6956521739130435,0,True,64,64,0,29,45.3125,121.808669857,0.5254141603806546,269.01205011489515,1768,28288,6,6,6,16.168047159999986,0.0,8.084023579999993,0.0,17.21127086099999,17.21127086099999,9.630060439999994,0.14129758482056773,2.0,24.0,4.0,0.9983031674208145,3,2653,11,2641,64,2.008368781578125,1.9416835605,2.2059665498000003,8.47265782519,64,0.26201941478125,0.013373014,0.028140332,7.943837969,64,1.7284743408125,1.903585353,2.184241175,2.184241175,64,0.04714286515147994,0.04872866414579256,0.054158119454696674,0.05789951170681017,64,0.01756379734375,0.018476140500000002,0.020568955400000002,0.02076135456,486,0.13168724279835392,0.0,2.0,2.0,486,13.353909465020577,13.0,22.0,24.0,486,0.17078189300411523,0.0,2.0,3.0,486,1063.0390946502057,1118.0,1746.75,1762.15,486,0.6012664562501164,0.6323529411764706,0.9879807692307693,0.9966911764705882,2653,12.351300414624953,11.0,22.0,23.0,11,5.818181818181818,6.0,9.0,9.0,11,5957.818181818182,6144.0,9216.0,9216.0,11,5957.818181818182,6144.0,9216.0,9216.0,11,1.410927812818182,1.461219815,2.178943844,2.1831817088,2641,12.38318818629307,11.0,22.0,23.0,2653,0.12815680361854503,0.0,2.0,2.0,2653,12.366754617414248,11.0,22.0,23.0,2653,996.7267244628722,879.0,1736.0,1762.0,2653,996.738409347908,879.0,1736.0,1762.0
cross-fp16_0-scale-5p75-rep1,fp16_0,FP16,5.75,0.6956521739130435,1,True,64,64,0,21,32.8125,120.738794813,0.5300698926067886,271.39578501467577,1768,28288,4,4,4,25.10774974600008,0.25050305500001,8.036622477999998,0.25050305500001,15.820820326999993,15.31967083699999,6.027352504999996,0.1268827543021865,9.0,23.0,2.0,0.9983031674208145,3,2651,12,2637,64,2.05328552359375,1.9303879099999999,2.21155709675,8.10427187981,64,0.374938610296875,0.019933663,0.025831838,7.668036611039999,64,1.661298436875,1.898960452,2.166842326,2.166842326,64,0.04650065967401541,0.04813273057534247,0.05137568951174168,0.055916893307044996,64,0.016746709109375,0.017352764,0.018983311399999998,0.01945488853,483,0.2070393374741201,0.0,2.0,2.0,483,13.306418219461698,13.0,22.0,23.0,483,0.10973084886128365,0.0,1.0,2.0,483,1064.552795031056,1135.0,1731.8,1756.18,483,0.6021226216239004,0.6419683257918553,0.979524886877828,0.9933144796380091,2651,12.360618634477555,11.0,21.0,23.0,12,5.333333333333333,6.0,9.0,9.0,12,5461.333333333333,6144.0,9216.0,9216.0,12,5461.333333333333,6144.0,9216.0,9216.0,12,1.2902523260833332,1.4473944859999999,2.1603276447499997,2.1655393897499997,2637,12.401971937808115,11.0,21.0,23.0,2651,0.17276499434175782,0.0,2.0,2.0,2651,12.382119954734062,11.0,21.0,23.0,2651,998.078460958129,878.0,1731.5,1757.0,2651,997.9453036589966,874.0,1731.5,1757.0
cross-awq_w4_16-scale-5p75-rep0,awq_w4_16,AWQ-Marlin W4-16,5.75,0.6956521739130435,0,True,64,64,0,43,67.1875,117.715078414,0.5436856591550161,278.36705748736824,4286,68576,0,0,0,2.508676107999989,0.0,2.508676107999989,0.0,0.0,0.0,0.0,0.0,1.0,32.0,0.0,0.618292113859076,1636,2284,11,2271,64,1.92511706390625,2.0611656785,2.33820399115,2.489431424329999,64,0.05542050521875,0.016382828,0.045814674,0.9363789804599938,64,1.851371593578125,2.035494934,2.293322736,2.293322736,64,0.052067969681292806,0.052836351290606653,0.059328684561643835,0.0593331889597456,64,0.017936755828125,0.018000298,0.0225817209,0.02276554934,471,0.021231422505307854,0.0,0.0,1.0,471,15.441613588110403,17.0,24.0,32.0,471,0.0,0.0,0.0,0.0,471,1233.416135881104,1303.0,1998.0,2578.0,471,0.28777791317804574,0.3040130657956136,0.4661689220718619,0.6014932337844143,2284,14.34676007005254,16.0,24.0,24.0,11,5.818181818181818,7.0,9.0,9.0,11,5957.818181818182,7168.0,9216.0,9216.0,11,5957.818181818182,7168.0,9216.0,9216.0,11,1.4820193362727272,1.800243469,2.2890156504999997,2.2924613189,2271,14.40070453544694,16.0,24.0,24.0,2284,0.0319614711033275,0.0,0.0,0.0,2284,14.377408056042032,16.0,24.0,24.0,2284,1159.1646234676007,1235.0,1970.0,2042.0,2284,1158.7999124343257,1235.0,1970.0,2042.0
cross-awq_w4_16-scale-5p75-rep1,awq_w4_16,AWQ-Marlin W4-16,5.75,0.6956521739130435,1,True,64,64,0,43,67.1875,116.102503587,0.5512370364351564,282.2333626548001,4286,68576,0,0,0,0.0,0.0,0.0,0.0,0.0,0.0,0.0,0.0,0.0,24.0,0.0,0.4801679888007466,2228,2597,10,2585,64,1.951942726171875,2.0907360085000004,2.36296281225,2.3630356304799998,64,0.017796728078125,0.007102416,0.049152552,0.049152552,64,1.916584620109375,2.037669324,2.302111599,2.302111599,64,0.046605259359680774,0.049826617444227006,0.054582224487181995,0.054586649411722116,64,0.017207976140625,0.018091562999999998,0.01989083355,0.019996841970000002,464,0.0,0.0,0.0,0.0,464,14.193965517241379,17.0,24.0,24.0,464,0.0,0.0,0.0,0.0,464,1128.2758620689656,1248.5,1946.85,2027.0,464,0.2632468180282234,0.29129724685020997,0.4542347176854877,0.4729351376574895,2597,12.617635733538698,11.0,24.0,24.0,10,6.4,7.5,9.0,9.0,10,6553.6,7680.0,9216.0,9216.0,10,6553.6,7680.0,9216.0,9216.0,10,1.6313028964,1.907001712,2.2988579235,2.3014608639,2585,12.651450676982591,11.0,24.0,24.0,2597,0.02464381979206777,0.0,0.0,0.0,2597,12.628417404697728,11.0,24.0,24.0,2597,1017.5221409318444,856.0,1946.0,2027.0,2597,1017.8298036195611,856.0,1946.0,2027.0
cross-fp16_0-scale-5p5-rep0,fp16_0,FP16,5.5,0.7272727272727273,0,True,64,64,0,28,43.75,118.803762118,0.5387034792419536,275.81618137188025,1768,28288,7,7,7,14.167208846000094,0.5015058560000085,10.15523995000001,0.2507919039999962,20.96060379699999,19.70691694,12.176987428000004,0.16587788626109676,10.0,24.0,4.0,0.998868778280543,2,2571,10,2559,64,2.055511266296875,1.9196253305000002,2.7522950106999997,6.314017068539975,64,0.21240273317187502,0.009561099,0.346691373,3.9093808642899757,64,1.82501554909375,1.902644993,2.384254491,2.384254491,64,0.04817682608604452,0.05025722153816047,0.05577524118248532,0.06205761163906066,64,0.017701584609375,0.017870498,0.0227752456,0.022922241200000002,474,0.11814345991561181,0.0,1.0,1.0,474,13.915611814345992,17.0,23.0,24.0,474,0.26582278481012656,0.0,2.0,3.0,474,1105.902953586498,1261.0,1750.0,1762.0,474,0.6255107203543541,0.7132352941176471,0.9898190045248869,0.996606334841629,2571,12.745235316997277,11.0,22.0,23.0,10,6.4,7.0,9.55,9.91,10,6553.6,7168.0,9779.2,10147.84,10,6553.6,7168.0,9779.2,10147.84,10,1.5431894462,1.6978590015,2.28748900785,2.36490139437,2559,12.77999218444705,11.0,22.0,23.0,2571,0.10501750291715285,0.0,1.0,1.0,2571,12.755737067288992,11.0,22.0,23.0,2571,1028.0439517697394,1034.0,1744.5,1764.0,2571,1028.056009334889,1034.0,1744.5,1764.0
cross-fp16_0-scale-5p5-rep1,fp16_0,FP16,5.5,0.7272727272727273,1,True,64,64,0,28,43.75,117.599103136,0.5442218375252899,278.6415808129484,1768,28288,7,7,7,10.612072848999972,0.2509207199999963,8.855627808999998,0.2509207199999963,18.69943255300001,18.197884020000004,11.173144822000012,0.15474509188182048,8.0,24.0,3.0,1.0,0,2584,11,2571,64,1.944158735578125,1.9503616154999999,2.2377665997,4.780064125099983,64,0.1591776694375,0.027633571,0.038767172,3.287675300599978,64,1.76799811146875,1.908155334,2.185341831,2.185341831,64,0.047137219743364725,0.046693578494129154,0.05455478078933464,0.060591071136281795,64,0.016659558453125,0.0172448355,0.020835638849999998,0.02095535864,470,0.08936170212765958,0.0,1.0,1.0,470,13.74468085106383,15.0,22.0,24.0,470,0.24680851063829787,0.0,2.0,3.0,470,1094.3063829787234,1167.0,1748.0,1765.0,470,0.6189515740829884,0.6600678733031674,0.9886877828054299,0.9983031674208145,2584,12.681114551083592,11.0,22.0,23.0,11,5.818181818181818,7.0,9.0,9.0,11,5957.818181818182,7168.0,9216.0,9216.0,11,5957.818181818182,7168.0,9216.0,9216.0,11,1.4122078705454546,1.701637045,2.1819381485,2.1846610945,2571,12.720342279268767,11.0,22.0,23.0,2584,0.08281733746130031,0.0,1.0,1.0,2584,12.698916408668731,11.0,22.0,23.0,2584,1023.4887770897833,1005.0,1740.85,1765.0,2584,1023.500773993808,1005.0,1740.85,1765.0
cross-awq_w4_16-scale-5p5-rep0,awq_w4_16,AWQ-Marlin W4-16,5.5,0.7272727272727273,0,True,64,64,0,43,67.1875,112.109368133,0.5708711151067603,292.28601093466125,4286,68576,0,0,0,2.257816841999997,0.0,2.257816841999997,0.0,0.0,0.0,0.0,0.0,1.0,32.0,0.0,0.618292113859076,1636,2322,11,2310,64,1.9317532016875,2.074480487,2.3345106204499997,2.434057614949999,64,0.053764021890625,0.021903434,0.032752522,0.8770714123499943,64,1.860005794984375,2.046019659,2.302779829,2.302779829,64,0.048918282683127444,0.05026878936790606,0.056493841025146777,0.056497290852857145,64,0.017674320515625,0.017958528,0.0209395991,0.02113733324,448,0.020089285714285716,0.0,0.0,1.0,448,15.292410714285714,17.0,24.0,32.0,448,0.0,0.0,0.0,0.0,448,1221.7254464285713,1308.0,1999.1999999999998,2578.0,448,0.2850502674821679,0.30517965468968733,0.4664489034064395,0.6014932337844143,2322,14.111972437553833,15.0,24.0,24.0,11,5.818181818181818,7.0,9.0,9.0,11,5957.818181818182,7168.0,9216.0,9216.0,11,5957.818181818182,7168.0,9216.0,9216.0,11,1.489493748909091,1.809413331,2.297019357,2.3016277346,2310,14.157575757575758,15.0,24.0,24.0,2322,0.030146425495262703,0.0,0.0,0.0,2322,14.13953488372093,15.0,24.0,24.0,2322,1139.954780361757,1193.0,1970.0,2042.0,2322,1139.5960378983634,1193.0,1970.0,2042.0
cross-awq_w4_16-scale-5p5-rep1,awq_w4_16,AWQ-Marlin W4-16,5.5,0.7272727272727273,1,True,64,64,0,43,67.1875,114.424701254,0.5593197910819341,286.37173303395025,4286,68576,0,0,0,4.0177657950000025,0.0,4.0177657950000025,0.0,0.0,0.0,0.0,0.0,1.0,32.0,0.0,0.6273915072328512,1597,2252,11,2239,64,1.96161099675,2.0715009735,2.3575487252,3.1253076347799946,64,0.090500932265625,0.028602382,0.05503351,1.5658822259599894,64,1.853232850625,2.03788948,2.296150858,2.296150858,64,0.0515350227935115,0.05190489269373777,0.06001841322270059,0.060023042920763214,64,0.017532908640625,0.0181969525,0.019324116449999998,0.0194506424,457,0.0350109409190372,0.0,0.0,1.0,457,15.715536105032823,17.0,24.0,32.0,457,0.0,0.0,0.0,0.0,457,1253.9846827133479,1344.0,2018.0,2576.6,457,0.29257692083839193,0.3135790947270182,0.4708352776481568,0.6011665888940737,2252,14.550621669626999,17.0,24.0,32.0,11,5.818181818181818,7.0,9.0,9.0,11,5957.818181818182,7168.0,9216.0,9216.0,11,5957.818181818182,7168.0,9216.0,9216.0,11,1.4842090076363634,1.806847211,2.2877794015,2.2944765666999998,2239,14.60652076820009,17.0,24.0,32.0,2252,0.044849023090586145,0.0,0.0,1.0,2252,14.581705150976909,17.0,24.0,32.0,2252,1175.604351687389,1255.5,1985.0,2570.0,2252,1175.234458259325,1255.5,1985.0,2570.0
cross-fp16_0-scale-5p25-rep0,fp16_0,FP16,5.25,0.7619047619047619,0,True,64,64,0,28,43.75,116.432143364,0.5496763879019027,281.43431060577416,1768,28288,8,8,8,26.35483683000008,1.7565749130000086,10.796130899000005,1.5057449390000102,22.353108852000005,20.34613055300001,12.561000636999992,0.17474668047114977,10.0,24.0,4.0,1.0,0,2403,10,2392,64,2.262430066515625,1.9377828990000001,4.02836567155,7.427615024889976,64,0.415087984078125,0.023644756500000003,1.622032066,5.021242334599977,64,1.82921440325,1.905775906,2.389003271,2.389003271,64,0.0493977746639249,0.0493775806555773,0.056660252519178084,0.06277897831567514,64,0.017746596234375,0.017016741000000002,0.02138271905,0.02149619362,465,0.22580645161290322,0.0,1.0,10.0,465,14.572043010752688,17.0,23.0,24.0,465,0.27956989247311825,0.0,3.0,3.0,465,1157.8451612903225,1286.0,1755.4,1765.3600000000001,465,0.654889797109911,0.7273755656108597,0.9928733031674208,0.9985067873303167,2403,13.636287973366626,15.0,22.0,23.0,10,6.4,7.0,9.55,9.91,10,6553.6,7168.0,9779.2,10147.84,10,6553.6,7168.0,9779.2,10147.84,10,1.5464645214000001,1.69974619,2.2938905708000004,2.36998073096,2392,13.672240802675585,15.0,22.0,23.0,2403,0.21722846441947566,0.0,1.0,10.0,2403,13.651685393258427,15.0,22.0,23.0,2403,1100.2621722846443,1174.0,1746.0,1764.0,2403,1100.2750728256347,1174.0,1746.0,1764.0
cross-fp16_0-scale-5p25-rep1,fp16_0,FP16,5.25,0.7619047619047619,1,True,64,64,0,28,43.75,115.327985176,0.5549390280453675,284.1287823592282,1768,28288,7,7,7,14.435804898,0.5020529210000007,9.917328608999995,0.5020529210000007,21.807067936000003,20.05024272,12.909480172000016,0.17385409698610169,10.0,24.0,4.0,0.9994343891402715,1,2409,10,2397,64,2.111409758359375,1.9472286360000002,3.0850816234,6.484773050369977,64,0.26619874840625,0.018996854,0.685121455,4.085252845629977,64,1.825931535078125,1.907586955,2.37882161,2.37882161,64,0.048644663926583905,0.048512514871819956,0.055923574865362036,0.06170415420240703,64,0.018929781390625,0.019406820499999998,0.0222156443,0.02233584276,460,0.12391304347826088,0.0,1.0,1.0,460,14.523913043478261,17.0,23.0,24.0,460,0.26956521739130435,0.0,3.0,3.0,460,1153.4,1276.5,1749.0,1764.41,460,0.6523755656108597,0.7220022624434389,0.9892533936651584,0.9979694570135746,2409,13.602324616023246,15.0,22.0,23.0,10,6.4,7.0,9.55,9.91,10,6553.6,7168.0,9779.2,10147.84,10,6553.6,7168.0,9779.2,10147.84,10,1.5444005866,1.6985586005,2.28331202645,2.35971969329,2397,13.64372131831456,15.0,22.0,23.0,2409,0.1448733914487339,0.0,1.0,1.0,2409,13.617683686176838,15.0,22.0,23.0,2409,1097.5184723951847,1162.0,1746.0,1764.0,2409,1097.5313408053134,1162.0,1746.0,1764.0
cross-awq_w4_16-scale-5p25-rep0,awq_w4_16,AWQ-Marlin W4-16,5.25,0.7619047619047619,0,True,64,64,0,43,67.1875,112.712077862,0.5678184735300413,290.72305844738116,4286,68576,0,0,0,7.5320952220000095,0.25107656600000183,5.523482693999995,0.25107656600000183,0.0,0.0,0.0,0.0,8.0,32.0,0.0,0.6329911339244051,1573,2123,11,2110,64,1.979145046109375,2.0738447090000003,2.3461714519,3.626075391549991,64,0.10661200253125,0.01972619,0.039221029,2.063029456589986,64,1.8526789383125,2.03541776,2.294423051,2.294423051,64,0.053672839891848095,0.055305150593933455,0.06016361889403131,0.06016797935199608,64,0.019520866421875,0.0203366285,0.0224659652,0.022589178340000002,451,0.06651884700665188,0.0,0.5,1.0,451,16.554323725055433,17.0,27.0,32.0,451,0.0,0.0,0.0,0.0,451,1323.0066518847007,1436.0,2354.0,2617.0,451,0.3086809733748718,0.3350443303779748,0.5492300513299113,0.6105926271581894,2123,15.434762129062648,17.0,26.0,32.0,11,5.818181818181818,7.0,9.0,9.0,11,5957.818181818182,7168.0,9216.0,9216.0,11,5957.818181818182,7168.0,9216.0,9216.0,11,1.4831497909999998,1.806181615,2.2906817725,2.2936747953,2110,15.499526066350711,17.0,26.0,32.0,2123,0.06358926048045219,0.0,0.0,1.0,2123,15.477626000942063,17.0,26.0,32.0,2123,1247.913801224682,1326.0,2064.7000000000003,2617.0,2123,1247.5214319359397,1326.0,2062.0,2615.2400000000016
cross-awq_w4_16-scale-5p25-rep1,awq_w4_16,AWQ-Marlin W4-16,5.25,0.7619047619047619,1,True,64,64,0,43,67.1875,110.723051024,0.5780187540725151,295.94560208512775,4286,68576,0,0,0,8.535916281999931,0.501778086999991,4.521691586000003,0.2513971929999883,0.0,0.0,0.0,0.0,8.0,32.0,0.0,0.6292580494633692,1589,2111,11,2098,64,1.96218515715625,2.0715897245,2.3411548105,3.2584520131999932,64,0.08880834946875,0.01826665,0.031383402,1.6949143218099882,64,1.855151595921875,2.039613415,2.297013883,2.297013883,64,0.05197736389661815,0.051158295947162424,0.05827341759295499,0.058276834363874756,64,0.017945223859375,0.0181901135,0.0227727231,0.0228908862,443,0.07674943566591422,0.0,0.0,1.0,443,16.33860045146727,17.0,26.0,32.0,443,0.0,0.0,0.0,0.0,443,1319.2731376975169,1429.0,2195.0,2590.06,443,0.3078098781375448,0.3334111059262716,0.5121325244983668,0.6043070461969201,2111,15.522501184272857,17.0,24.0,32.0,11,5.818181818181818,7.0,9.0,9.0,11,5957.818181818182,7168.0,9216.0,9216.0,11,5957.818181818182,7168.0,9216.0,9216.0,11,1.4849784,1.806657805,2.291854538,2.295982014,2098,15.588179218303146,17.0,24.0,32.0,2111,0.05400284225485552,0.0,0.0,1.0,2111,15.561819043107532,17.0,24.0,32.0,2111,1255.0222643297016,1343.0,2010.0,2592.3000000000006,2111,1254.2638559924208,1343.0,2010.0,2586.0
cross-fp16_0-scale-5-rep0,fp16_0,FP16,5.0,0.8,0,True,64,64,0,33,51.5625,112.543958592,0.568666686339122,291.15734340563046,1768,28288,7,7,7,38.58951151200002,3.350367618,10.94295059800001,2.3475721410000006,24.488203622,21.978929240000006,13.202151860999997,0.19529195094051316,10.0,24.0,4.0,0.997737556561086,4,2426,12,2411,64,2.3569761589375,2.1950670995,4.7795842502,8.017130530889979,64,0.633409770484375,0.021190522,2.367428636,5.605210531599978,64,1.7047017951875,1.900830018,2.39119121,2.39119121,64,0.048111629976486055,0.049213036015655576,0.05615483505978474,0.06198315098125244,64,0.0185808608125,0.019917605999999997,0.020624328350000002,0.02069551418,449,0.33407572383073497,0.0,1.0,10.0,449,14.632516703786191,17.0,23.0,24.0,449,0.28507795100222716,0.0,2.0,3.0,449,1164.6013363028953,1317.0,1756.0,1763.0,449,0.6587111630672485,0.7449095022624435,0.9932126696832579,0.9971719457013575,2426,13.507007419620775,15.0,22.0,23.0,12,5.333333333333333,5.5,9.45,9.89,12,5461.333333333333,5632.0,9676.8,10127.36,12,5461.333333333333,5632.0,9676.8,10127.36,12,1.2900824070833334,1.3205073139999999,2.26695269395,2.3663435067900003,2411,13.564496059726254,15.0,22.0,23.0,2426,0.3190436933223413,0.0,1.0,10.0,2426,13.540395713107996,15.0,22.0,23.0,2426,1091.2811211871394,1156.0,1746.75,1763.0,2426,1091.2938994229185,1156.0,1746.75,1763.0
cross-fp16_0-scale-5-rep1,fp16_0,FP16,5.0,0.8,1,True,64,64,0,34,53.125,111.530115874,0.5738360396962497,293.80405232447987,1768,28288,8,8,8,40.89905901799996,3.5588690689999964,11.137666828999997,2.552932014999996,24.230865775000005,20.969243007000003,12.887718007000004,0.18801417754008065,10.0,24.0,4.0,1.0,0,2453,12,2439,64,2.351811803234375,2.182210043,4.798507852949999,8.036473983019977,64,0.631684268375,0.027892188,2.393127187,5.630717059999977,64,1.7015459243437498,1.898803686,2.383656929,2.383656929,64,0.04726279088778131,0.04892331447749511,0.05540071037103718,0.06064104762385518,64,0.01823848696875,0.018750984,0.022073221799999997,0.022205017,445,0.36179775280898874,0.0,1.0,10.0,445,14.507865168539325,17.0,23.0,24.0,445,0.2786516853932584,0.0,2.0,3.0,445,1153.4449438202248,1319.0,1756.0,1763.0,445,0.6524009863236565,0.7460407239819005,0.9932126696832579,0.9971719457013575,2453,13.35833673053404,13.0,22.0,23.0,12,5.333333333333333,5.5,9.45,9.89,12,5461.333333333333,5632.0,9676.8,10127.36,12,5461.333333333333,5632.0,9676.8,10127.36,12,1.2872422715,1.321378395,2.2615750899999996,2.3592405612,2439,13.408774087740877,14.0,22.0,23.0,2453,0.31267835303709746,0.0,1.0,10.0,2453,13.3889115368936,14.0,22.0,23.0,2453,1079.0419894007339,1136.0,1746.0,1763.0,2453,1079.0546269873623,1136.0,1746.0,1763.0
cross-awq_w4_16-scale-5-rep0,awq_w4_16,AWQ-Marlin W4-16,5.0,0.8,0,True,64,64,0,43,67.1875,108.281391314,0.5910526196916834,302.6189412821419,4286,68576,0,0,0,8.289071975000041,0.2514677620000043,6.277329879000007,0.2514677620000043,0.0,0.0,0.0,0.0,9.0,32.0,0.0,0.6364909006066263,1558,2148,11,2135,64,1.9840649653125,2.0630729514999997,2.343763523,3.8405822627399897,64,0.114185957484375,0.018647622,0.044732102,2.2830275941199845,64,1.851002295703125,2.034376138,2.292526873,2.292526873,64,0.05109915894508317,0.05245957394227006,0.058743957082485324,0.05874610837913895,64,0.018475492859375,0.0193494905,0.022154938449999998,0.022270260479999998,433,0.07621247113163972,0.0,1.0,1.0,433,16.454965357967666,17.0,32.0,32.0,433,0.0,0.0,0.0,0.0,433,1314.2725173210163,1418.0,2496.0,2627.2000000000003,433,0.30664314449860386,0.3308446103593094,0.5823611759216052,0.6129724685020999,2148,15.25512104283054,17.0,26.0,32.0,11,5.818181818181818,7.0,9.0,9.0,11,5957.818181818182,7168.0,9216.0,9216.0,11,5957.818181818182,7168.0,9216.0,9216.0,11,1.4820934797272727,1.797932623,2.288522752,2.2917260487999997,2135,15.318032786885245,17.0,26.0,32.0,2148,0.06797020484171322,0.0,0.0,1.0,2148,15.296089385474861,17.0,26.0,32.0,2148,1233.2676908752328,1299.0,2065.0,2617.0,2148,1232.8798882681565,1299.0,2065.0,2617.0
cross-awq_w4_16-scale-5-rep1,awq_w4_16,AWQ-Marlin W4-16,5.0,0.8,1,True,64,64,0,43,67.1875,108.482392654,0.5899574892685608,302.05823450550315,4286,68576,0,0,0,8.538962773999941,0.25143688599999336,6.527467685999994,0.25143688599999336,0.0,0.0,0.0,0.0,8.0,32.0,0.0,0.6383574428371442,1550,2229,11,2216,64,1.998641886234375,2.096437815,2.3441579201000002,3.937646049129989,64,0.126324565609375,0.031345873,0.042446574,2.378904859509984,64,1.854015731953125,2.039376632,2.294794568,2.294794568,64,0.05108772622214408,0.05254508349412916,0.05925297014315069,0.059257332098767115,64,0.01795131934375,0.018692794999999998,0.02142622725,0.02153528549,434,0.07834101382488479,0.0,1.0,1.0,434,16.43548387096774,17.0,32.0,32.0,434,0.0,0.0,0.0,0.0,434,1315.615207373272,1445.0,2489.0,2635.05,434,0.30695641795923284,0.33714419038730753,0.580727951469902,0.6148040130657956,2229,14.700762673844773,17.0,26.0,32.0,11,5.818181818181818,7.0,9.0,9.0,11,5957.818181818182,7168.0,9216.0,9216.0,11,5957.818181818182,7168.0,9216.0,9216.0,11,1.4844500227272726,1.801481914,2.2942167815,2.2946790107,2216,14.75812274368231,17.0,26.0,32.0,2229,0.06864064602960969,0.0,0.0,1.0,2229,14.741588156123822,17.0,26.0,32.0,2229,1188.6078959174517,1257.0,2083.999999999999,2625.0,2229,1188.2341857335127,1257.0,2078.0,2625.0
cross-fp16_0-scale-4p75-rep0,fp16_0,FP16,4.75,0.8421052631578947,0,True,64,64,0,28,43.75,107.696453239,0.5942628385168004,304.2625733206018,1768,28288,8,8,8,28.78928543800002,2.047839111000002,10.358733439000005,2.047839111000002,21.972103118000014,19.714469135000016,12.187756529000012,0.18305588106276502,10.0,24.0,4.0,1.0,0,2467,10,2455,64,2.334114465390625,1.9482043225,4.6056397063,7.681311780639978,64,0.48862034671875004,0.023176927,2.199280653,5.274942773619979,64,1.8280696413593749,1.906072156,2.388568046,2.388568046,64,0.044961288705815804,0.04281746523091977,0.05485046622671233,0.061197196203444215,64,0.017081098171875,0.017548178499999997,0.019755477400000002,0.019863303500000002,430,0.2627906976744186,0.0,1.0,10.0,430,14.42093023255814,17.0,23.0,24.0,430,0.2837209302325581,0.0,2.5500000000000114,3.0,430,1145.8139534883721,1274.0,1753.55,1762.71,430,0.6480848153214774,0.7205882352941176,0.9918269230769231,0.9970079185520362,2467,13.282529387920551,13.0,22.0,23.0,10,6.4,7.0,9.55,9.91,10,6553.6,7168.0,9779.2,10147.84,10,6553.6,7168.0,9779.2,10147.84,10,1.5458909974,1.700912095,2.29048323755,2.36895108431,2455,13.321384928716904,13.0,22.0,23.0,2467,0.27036886907174706,0.0,1.0,10.0,2467,13.29752736116741,13.0,22.0,23.0,2467,1071.743007701662,1128.0,1746.0,1764.0,2467,1071.755573571139,1128.0,1746.0,1764.0
cross-fp16_0-scale-4p75-rep1,fp16_0,FP16,4.75,0.8421052631578947,1,True,64,64,0,28,43.75,105.62965373,0.6058904648460784,310.21591800119216,1768,28288,7,7,7,8.26370765499999,0.0,8.26370765499999,0.0,19.959436038000007,18.705598803,11.120775889,0.1770866242808425,1.0,24.0,4.0,0.9994343891402715,1,2475,10,2463,64,1.98861039153125,1.953810234,2.4193233160500003,5.5229619708599795,64,0.15150645165624999,0.025891877,0.038665259,3.1376715002799784,64,1.819398399765625,1.897398874,2.376139749,2.376139749,64,0.043736155841609586,0.04256156283757338,0.051749649223972606,0.05787207038001956,64,0.0174148833125,0.0169025735,0.020788388300000002,0.02089016431,421,0.07600950118764846,0.0,1.0,1.0,421,14.30166270783848,17.0,23.0,24.0,421,0.27790973871733965,0.0,2.0,3.0,421,1135.8859857482184,1251.0,1751.0,1763.0,421,0.6424694489526123,0.707579185520362,0.9903846153846154,0.9971719457013575,2475,13.23959595959596,13.0,22.0,23.0,10,6.4,7.0,9.55,9.91,10,6553.6,7168.0,9779.2,10147.84,10,6553.6,7168.0,9779.2,10147.84,10,1.5385710915000002,1.6944152639999999,2.2794496102500004,2.35680172125,2463,13.278116118554609,13.0,22.0,23.0,2475,0.08767676767676767,0.0,1.0,1.0,2475,13.254545454545454,13.0,22.0,23.0,2475,1068.2832323232324,1133.0,1744.3000000000002,1761.0,2475,1068.2957575757575,1133.0,1744.3000000000002,1761.0
cross-awq_w4_16-scale-4p75-rep0,awq_w4_16,AWQ-Marlin W4-16,4.75,0.8421052631578947,0,True,64,64,0,43,67.1875,97.372943206,0.6572667713720335,336.52058694248115,4286,68576,0,0,0,5.018569033999995,0.25110572799999886,3.009723210000004,0.25110572799999886,0.0,0.0,0.0,0.0,8.0,32.0,0.0,0.618292113859076,1636,2438,11,2425,64,1.959468520875,2.0866724195,2.374687344,2.793784635709997,64,0.06974613796875,0.022239686,0.040488024,1.2137354625099919,64,1.870379722140625,2.05448482,2.314720352,2.314720352,64,0.040473082719850784,0.041758891113502936,0.05046681358727984,0.050471832850939334,64,0.019016238140625,0.019037137500000002,0.02636808105,0.029482195229999997,389,0.05141388174807198,0.0,0.0,1.0,389,14.758354755784062,17.0,24.0,32.0,389,0.0,0.0,0.0,0.0,389,1177.9845758354757,1243.0,2007.2000000000003,2554.96,389,0.2748447447119635,0.29001399906672887,0.4683154456369576,0.5961175921605226,2438,13.440525020508614,11.0,24.0,24.0,11,5.818181818181818,7.0,9.0,9.0,11,5957.818181818182,7168.0,9216.0,9216.0,11,5957.818181818182,7168.0,9216.0,9216.0,11,1.498400248,1.821614859,2.3121100665,2.3141982949,2425,13.48618556701031,11.0,24.0,24.0,2438,0.03609515996718622,0.0,0.0,1.0,2438,13.465135356849878,11.0,24.0,24.0,2438,1085.5926989335521,876.0,1963.0,2352.520000000055,2438,1085.2510254306808,876.0,1962.15,2035.0
cross-awq_w4_16-scale-4p75-rep1,awq_w4_16,AWQ-Marlin W4-16,4.75,0.8421052631578947,1,True,64,64,0,43,67.1875,103.847835759,0.616286314801254,315.538593178242,4286,68576,0,0,0,7.526283958999997,0.2504930690000009,5.772832475999991,0.2504930690000009,0.0,0.0,0.0,0.0,7.0,32.0,0.0,0.6346243583761083,1566,2263,11,2250,64,1.981350525984375,2.0713052684999997,2.3425798403,3.77831115353999,64,0.11104309575,0.015529103999999998,0.040938535,2.218602969239985,64,1.852231937375,2.036871283,2.293996416,2.293996416,64,0.04839079651320939,0.05114012628571429,0.05586838656976517,0.055873590577573386,64,0.0177869065625,0.0178992455,0.02133374555,0.02143630434,415,0.07228915662650602,0.0,1.0,1.0,415,16.313253012048193,17.0,32.0,32.0,415,0.0,0.0,0.0,0.0,415,1304.0963855421687,1429.0,2496.0,2609.0,415,0.304268872035037,0.3334111059262716,0.5823611759216052,0.6087260849276714,2263,14.479893946089263,17.0,26.0,32.0,11,5.818181818181818,7.0,9.0,9.0,11,5957.818181818182,7168.0,9216.0,9216.0,11,5957.818181818182,7168.0,9216.0,9216.0,11,1.4839776873636366,1.797382371,2.287038465,2.2926048258000002,2250,14.535111111111112,17.0,26.0,32.0,2263,0.06407423773751657,0.0,0.0,1.0,2263,14.517454706142289,17.0,26.0,32.0,2263,1170.4953601414052,1258.0,2088.0,2609.0,2263,1170.1272646928855,1258.0,2088.0,2609.0
cross-fp16_0-scale-4p5-rep0,fp16_0,FP16,4.5,0.8888888888888888,0,True,64,64,0,21,32.8125,106.957214158,0.5983701099905007,306.36549631513634,1768,28288,12,12,12,142.1684658970001,17.072597691000006,20.640842775999992,8.28921213400001,39.21066204599998,37.703897666999985,18.12423030999998,0.3525138342823963,10.0,24.0,3.0,1.0,0,2123,14,2108,64,3.7173526251875,1.939288465,10.4315563261,15.101348337129986,64,2.22033403509375,0.029613104,8.234944302,14.10425110205999,64,1.4787392285625,1.5746347905,2.17512646,2.17512646,64,0.05061115995288038,0.050784280203522505,0.0587807522167319,0.06520500376520545,64,0.018005195734375,0.0192709335,0.02149782295,0.02160329064,427,1.325526932084309,0.0,10.0,10.0,427,16.030444964871194,18.0,23.0,24.0,427,0.25526932084309134,0.0,2.0,3.0,427,1277.311475409836,1400.0,1761.7,1766.0,427,0.7224612417476449,0.7918552036199095,0.9964366515837104,0.998868778280543,2123,15.434762129062648,17.0,23.0,24.0,14,4.571428571428571,4.0,8.35,8.87,14,4681.142857142857,4096.0,8550.4,9082.88,14,4681.142857142857,4096.0,8550.4,9082.88,14,1.1124416947857143,0.9791328955,1.99962268935,2.14002570587,2108,15.514231499051233,17.0,23.0,24.0,2123,1.3410268487988695,0.0,10.0,10.0,2123,15.495525200188412,17.0,23.0,24.0,2123,1248.7927461139896,1271.0,1757.9,1766.0,2123,1248.762129062647,1271.0,1757.9,1766.0
cross-fp16_0-scale-4p5-rep1,fp16_0,FP16,4.5,0.8888888888888888,1,True,64,64,0,21,32.8125,106.366824487,0.6016913667270568,308.0659797642531,1768,28288,12,12,12,136.67256756800003,16.124890212000004,21.161475496,8.094730174000006,40.737875906,37.226286624,18.893438679999992,0.34998023870262046,10.0,24.0,3.0,1.0,0,2142,14,2126,64,3.635357997859375,1.963630333,10.17263198425,15.232066766849988,64,2.1337455005,0.040540602,7.975572803,14.232166999199993,64,1.48307069184375,1.581761977,2.178832136,2.178832136,64,0.050718441018774464,0.05067340448434442,0.058987971106066545,0.06510418219720154,64,0.018264452359375,0.018938856,0.020961027650000002,0.02107366838,425,1.275294117647059,0.0,10.0,10.0,425,16.148235294117647,18.0,23.0,24.0,425,0.2752941176470588,0.0,2.0,3.0,425,1287.1176470588234,1446.0,1756.0,1764.0,425,0.7280077189246739,0.8178733031674208,0.9932126696832579,0.997737556561086,2142,15.297852474323063,17.0,22.0,23.0,14,4.571428571428571,4.0,8.35,8.87,14,4681.142857142857,4096.0,8550.4,9082.88,14,4681.142857142857,4096.0,8550.4,9082.88,14,1.1162336577142857,0.9846751515000001,2.00417482915,2.14390067463,2126,15.382878645343368,17.0,22.0,23.0,2142,1.2749766573295984,0.0,10.0,10.0,2142,15.361344537815127,17.0,22.0,23.0,2142,1238.000466853408,1271.5,1755.0,1765.0,2142,1238.014939309057,1271.5,1755.0,1765.0
cross-awq_w4_16-scale-4p5-rep0,awq_w4_16,AWQ-Marlin W4-16,4.5,0.8888888888888888,0,True,64,64,0,43,67.1875,103.113114999,0.6206775927642247,317.78692749528307,4286,68576,0,0,0,8.03416231500001,0.0,7.783081343000006,0.0,0.0,0.0,0.0,0.0,1.0,32.0,0.0,0.6439570695286981,1526,1966,11,1953,64,2.0186928279375,2.089807619,2.3378481941,4.447012449529986,64,0.1479250041875,0.02958056,0.04685417,2.8949657829799804,64,1.8526604931875,2.036858419,2.298989176,2.298989176,64,0.05257277919667319,0.052073652435420746,0.05683973070636008,0.05684477841084149,64,0.01770355928125,0.018616149,0.01945783655,0.01953930299,412,0.07766990291262135,0.0,1.0,1.0,412,17.766990291262136,18.0,32.0,32.0,412,0.0,0.0,0.0,0.0,412,1419.2742718446602,1518.0,2499.6,2663.12,412,0.33114192063571163,0.35417638824078396,0.5832011199253383,0.6213532431171255,1966,16.66734486266531,17.0,32.0,32.0,11,5.818181818181818,7.0,9.0,9.0,11,5957.818181818182,7168.0,9216.0,9216.0,11,5957.818181818182,7168.0,9216.0,9216.0,11,1.4830100923636365,1.803517958,2.289093057,2.2970099522000003,1953,16.74551971326165,17.0,32.0,32.0,1966,0.09053916581892167,0.0,1.0,1.0,1966,16.718718209562564,17.0,32.0,32.0,1966,1347.912512716175,1478.0,2496.0,2656.0,1966,1347.4888097660223,1478.0,2496.0,2656.0
cross-awq_w4_16-scale-4p5-rep1,awq_w4_16,AWQ-Marlin W4-16,4.5,0.8888888888888888,1,True,64,64,0,43,67.1875,103.624819572,0.6176126555813386,316.21767965764536,4286,68576,0,0,0,9.289769261000004,0.0,9.038361260000002,0.0,0.0,0.0,0.0,0.0,1.0,32.0,0.0,0.6511899206719552,1495,2015,11,2002,64,2.05028029721875,2.0973921659999997,2.3847159347,4.984321121669982,64,0.17132071209375002,0.029263796,0.067121743,3.414469120109977,64,1.860213236453125,2.047130081,2.306215228,2.306215228,64,0.05282633556974682,0.05374853956262231,0.0595437952111546,0.05954794966248532,64,0.018417968703125,0.0186768635,0.024378745,0.02457370078,414,0.0893719806763285,0.0,1.0,1.0,414,17.78743961352657,18.0,32.0,32.0,414,0.0,0.0,0.0,0.0,414,1417.280193236715,1509.0,2512.0,2672.0,414,0.33067666664412393,0.35207652823145125,0.5860942603826411,0.6234251049930004,2015,16.262034739454094,17.0,32.0,32.0,11,5.818181818181818,7.0,9.0,9.0,11,5957.818181818182,7168.0,9216.0,9216.0,11,5957.818181818182,7168.0,9216.0,9216.0,11,1.4896520868181817,1.808638199,2.2995297215,2.3048781267000003,2002,16.335664335664337,17.0,32.0,32.0,2015,0.10471464019851116,0.0,1.0,1.0,2015,16.309181141439208,17.0,32.0,32.0,2015,1314.8570719602978,1458.0,2512.0,2672.0,2015,1314.4436724565758,1458.0,2512.0,2672.0
cross-fp16_0-scale-4p25-rep0,fp16_0,FP16,4.25,0.9411764705882353,0,True,64,64,0,21,32.8125,103.150845493,0.6204505614483126,317.67068746153603,1768,28288,13,13,13,178.02315007399991,15.84159327399999,20.876396229999997,10.822846775999992,45.49153275800001,41.98084469100001,19.37969717600003,0.4069849790407089,10.0,24.0,3.0,1.0,0,2114,16,2095,64,4.140336203828125,1.9356960505,12.6313500041,16.354335425829984,64,2.775345896421875,0.027574483,10.681030052,15.29924310665999,64,1.34676858,1.443789814,1.930533272,1.930533272,64,0.05022829354017857,0.05117184941682974,0.05991347978052838,0.06704959664590997,64,0.017932621171875,0.0185281575,0.02109442285,0.02119701895,412,1.7184466019417475,0.0,10.0,10.0,412,16.402912621359224,19.0,23.0,24.0,412,0.3106796116504854,0.0,2.0,3.0,412,1308.0533980582525,1469.0,1759.0,1765.8899999999999,412,0.7398492070465228,0.8308823529411765,0.9949095022624435,0.9988065610859729,2114,15.500473036896878,15.0,23.0,24.0,16,4.0,3.5,8.0,8.0,16,4096.0,3584.0,8192.0,8192.0,16,4096.0,3584.0,8192.0,8192.0,16,0.978890134375,0.8632967415,1.91756560475,1.92793973855,2095,15.610501193317422,15.0,23.0,24.0,2114,1.6901608325449384,0.0,10.0,10.0,2114,15.584673604541154,15.0,23.0,24.0,2114,1255.7152317880796,1205.0,1757.0,1766.0,2114,1255.775307473983,1205.0,1757.0,1766.0
cross-fp16_0-scale-4p25-rep1,fp16_0,FP16,4.25,0.9411764705882353,1,True,64,64,0,28,43.75,102.444366886,0.6247293232942631,319.8614135266627,1768,28288,12,12,12,160.69441952599996,14.800688643999994,21.323898722000003,10.032841668999993,37.180004615,35.674743196,16.604153782000004,0.3482352839927141,10.0,24.0,3.0,1.0,0,2221,13,2206,64,3.94779409428125,1.9433970795,11.922549724800001,16.108513007909988,64,2.447930908625,0.027859864,9.983554195,15.05913334361999,64,1.48260231396875,1.574379812,2.151239202,2.151239202,64,0.047882978363074855,0.049391172430528374,0.06050237646232877,0.06711611645816044,64,0.016985671453125,0.0163067025,0.02128341985,0.02139764646,410,1.5609756097560976,0.0,10.0,10.0,410,15.797560975609755,18.0,23.0,24.0,410,0.3195121951219512,0.0,2.0,3.0,410,1258.4219512195123,1412.0,1759.55,1768.0,410,0.7117771217304933,0.7986425339366516,0.9952205882352941,1.0,2221,14.75371454299865,15.0,22.0,24.0,13,4.923076923076923,4.0,8.4,8.88,13,5041.2307692307695,4096.0,8601.6,9093.12,13,5041.2307692307695,4096.0,8601.6,9093.12,13,1.1934950933076924,0.985328881,2.0118536466,2.12336209092,2206,14.825022665457842,15.0,22.0,24.0,2221,1.4209815398469159,0.0,10.0,10.0,2221,14.80099054479964,15.0,22.0,24.0,2221,1192.844664565511,1160.0,1756.0,1767.0,2221,1192.8586222422332,1160.0,1756.0,1767.0
cross-awq_w4_16-scale-4p25-rep0,awq_w4_16,AWQ-Marlin W4-16,4.25,0.9411764705882353,0,True,64,64,0,36,56.25,99.044934279,0.6461713611694485,330.83973691875764,4286,68576,0,0,0,13.796953260999985,0.25049008499999914,9.78601580099999,0.25049008499999914,0.0,0.0,0.0,0.0,8.0,32.0,0.0,0.6530564629024732,1487,2119,12,2105,64,2.027717421390625,2.0798647485000004,2.3373932800499997,5.140052543829981,64,0.201473207265625,0.019875564999999998,0.035294625,4.785151733449981,64,1.80787026246875,2.028524992,2.301380485,2.301380485,64,0.049156633592129406,0.05160381897162426,0.057941833711056746,0.05923775440133071,64,0.0180757195,0.019106421,0.0214361008,0.021582175409999998,396,0.1388888888888889,0.0,1.0,2.0,396,17.38131313131313,18.0,32.0,32.0,396,0.0,0.0,0.0,0.0,396,1386.5959595959596,1458.0,2535.0,2704.15,396,0.32351748940643016,0.3401773215118992,0.5914605692953803,0.6309262715818946,2119,15.46389806512506,15.0,32.0,32.0,12,5.333333333333333,6.5,9.0,9.0,12,5461.333333333333,6656.0,9216.0,9216.0,12,5461.333333333333,6656.0,9216.0,9216.0,12,1.37048678725,1.663612402,2.2995431489500002,2.3010130177900003,2105,15.536342042755344,15.0,32.0,32.0,2119,0.10665408211420481,0.0,1.0,1.0,2119,15.521944313355357,15.0,32.0,32.0,2119,1251.4030202925908,1196.0,2535.0,2695.0,2119,1250.9646059462011,1196.0,2535.0,2695.0
cross-awq_w4_16-scale-4p25-rep1,awq_w4_16,AWQ-Marlin W4-16,4.25,0.9411764705882353,1,True,64,64,0,32,50.0,100.619203036,0.6360614879557512,325.66348183334463,4286,68576,0,0,0,24.090233791999964,0.2509079199999995,10.790867058999993,0.2509079199999995,0.0,0.0,0.0,0.0,8.0,32.0,0.0,0.6553896406906207,1477,2081,14,2065,64,2.003313006578125,1.9454392029999998,2.8134699286000004,5.9098921585399795,64,0.35915442612500004,0.019135812,2.320740952750001,5.578920021139979,64,1.626013690109375,1.808167854,2.290741391,2.290741391,64,0.051941997000703274,0.05638732514579256,0.06004997815538161,0.06103408206816046,64,0.017860323640625002,0.017166231499999997,0.022366115,0.022716704140000002,402,0.23880597014925373,0.0,2.0,2.0,402,17.883084577114428,18.0,32.0,32.0,402,0.0,0.0,0.0,0.0,402,1436.3407960199006,1479.0,2613.9,2737.84,402,0.3351238441483669,0.3450769948670089,0.6098693420438637,0.6387867475501634,2081,15.7462758289284,15.0,32.0,32.0,14,4.571428571428571,4.5,9.0,9.0,14,4681.142857142857,4608.0,9216.0,9216.0,14,4681.142857142857,4608.0,9216.0,9216.0,14,1.1718051602142856,1.1529159560000002,2.2876297643,2.29011906566,2065,15.837288135593221,15.0,32.0,32.0,2081,0.15088899567515618,0.0,1.0,2.0,2081,15.836136472849592,15.0,32.0,32.0,2081,1277.4781355117732,1164.0,2578.0,2708.0,2081,1276.2474771744353,1164.0,2572.0,2708.0
cross-fp16_0-scale-4-rep0,fp16_0,FP16,4.0,1.0,0,True,64,64,0,38,59.375,103.6823495,0.6172699626178899,316.04222086035963,1768,28288,16,16,16,234.61014174800005,23.376225298,36.188539038,15.307536915,54.760504506,50.242346100000006,26.396435378000014,0.4845795484215952,12.0,24.0,3.0,1.0,0,2079,13,2063,64,5.434204861453125,2.1810604435,17.5283961045,18.98601649853999,64,3.7137804900937503,0.040382494,15.331262342,17.495786350559985,64,1.702792908578125,1.921217369,2.178433958,2.178433958,64,0.051261232509601275,0.05201023861252446,0.06304110992984344,0.06850553104320938,64,0.017327846109375,0.017693274000000002,0.0203926354,0.020489582450000002,414,2.256038647342995,0.0,10.0,11.0,414,16.85990338164251,20.0,24.0,24.0,414,0.37922705314009664,0.0,2.0,3.0,414,1342.3961352657004,1651.0,1762.0,1766.0,414,0.7592738321638578,0.9338235294117647,0.996606334841629,0.998868778280543,2079,15.761423761423762,15.0,23.0,24.0,13,4.923076923076923,4.0,9.0,9.0,13,5041.2307692307695,4096.0,9216.0,9216.0,13,5041.2307692307695,4096.0,9216.0,9216.0,13,1.1967118933846153,0.984233041,2.1726457376,2.1772763139199998,2063,15.852641783809986,15.0,23.0,24.0,2079,2.2217412217412216,0.0,10.0,11.0,2079,15.818662818662819,15.0,23.0,24.0,2079,1274.4324194324195,1182.0,1759.0,1764.0,2079,1274.8167388167387,1182.0,1759.0,1764.0
cross-fp16_0-scale-4-rep1,fp16_0,FP16,4.0,1.0,1,True,64,64,0,38,59.375,101.68491045,0.6293952536002848,322.2503698433458,1768,28288,14,14,14,233.70645374499992,23.727876931999994,35.599906259,14.586989682999999,57.697885240000005,48.65037099200002,24.783603623999998,0.47844238419152796,11.0,24.0,3.0,1.0,0,1989,14,1974,64,5.187984078796875,2.1894024405,16.6991213878,18.333792230489987,64,3.624985682234375,0.034925405,14.512669435,16.850222187539984,64,1.5441264491718751,1.88817944,2.166065811,2.166065811,64,0.05170405004415362,0.051674319269080234,0.06392775384432485,0.0667005905207045,64,0.0185030180625,0.0193387355,0.0261237663,0.02624089819,406,2.2832512315270934,0.0,10.0,11.0,406,17.113300492610836,20.0,23.75,24.0,406,0.3891625615763547,0.0,2.0,3.0,406,1362.155172413793,1653.0,1762.0,1766.0,406,0.7704497581525979,0.9349547511312217,0.996606334841629,0.998868778280543,1989,16.474610356963296,20.0,23.0,23.11999999999989,14,4.571428571428571,4.0,9.0,9.0,14,4681.142857142857,4096.0,9216.0,9216.0,14,4681.142857142857,4096.0,9216.0,9216.0,14,1.1068161383571429,0.982278931,2.1523806538000003,2.16332877956,1974,16.56737588652482,20.0,23.0,23.269999999999982,1989,2.257918552036199,0.0,10.0,11.0,1989,16.54700854700855,20.0,23.0,24.0,1989,1333.1091000502765,1634.0,1760.0,1767.0,1989,1333.510809451986,1634.0,1760.0,1767.0
cross-awq_w4_16-scale-4-rep0,awq_w4_16,AWQ-Marlin W4-16,4.0,1.0,0,True,64,64,0,32,50.0,100.093647999,0.6394012135579213,327.3734213416557,4286,68576,0,0,0,39.89622265800001,0.0,12.795393111000003,0.0,0.0,0.0,0.0,0.0,2.0,32.0,0.0,0.6616892207186188,1450,1795,14,1779,64,2.2850765999375002,1.9415122514999998,5.883232699400001,8.702624837459982,64,0.64384921765625,0.02702702,5.4413074328,8.325576654099981,64,1.6217511640625,1.805063554,2.289334952,2.289334952,64,0.05745608350733855,0.05932060674168298,0.06194535300381605,0.06316081856639921,64,0.01916072625,0.01848569,0.02552409065,0.025650395809999997,400,0.3975,0.0,2.0,2.0,400,19.7675,21.0,32.0,32.0,400,0.0,0.0,0.0,0.0,400,1584.4575,1718.0,2650.6000000000004,2765.0699999999997,400,0.3696821045263649,0.4008399440037331,0.6184321045263649,0.6451399906672889,1795,18.25515320334262,21.0,32.0,32.0,14,4.571428571428571,4.5,9.0,9.0,14,4681.142857142857,4608.0,9216.0,9216.0,14,4681.142857142857,4608.0,9216.0,9216.0,14,1.1684634917142858,1.1460171005,2.28372917975,2.28821379755,1779,18.38336143901068,21.0,32.0,32.0,1795,0.3793871866295265,0.0,2.0,2.0,1795,18.368802228412257,21.0,32.0,32.0,1795,1481.7108635097493,1676.0,2649.0,2742.2999999999997,1795,1480.2841225626742,1676.0,2644.0,2740.0
cross-awq_w4_16-scale-4-rep1,awq_w4_16,AWQ-Marlin W4-16,4.0,1.0,1,True,64,64,0,32,50.0,98.684839643,0.648529198927869,332.0469498510689,4286,68576,0,0,0,27.374319868000004,0.25108396200000005,12.300079088000004,0.25108396200000005,0.0,0.0,0.0,0.0,4.0,32.0,0.0,0.6621558562762483,1448,1943,14,1927,64,2.076050826265625,1.9413869135000001,3.6815341997500015,7.135755944869977,64,0.438357309953125,0.029157491,3.143032605600002,6.844567711689978,64,1.620474109015625,1.797135072,2.287466608,2.287466608,64,0.05392281387282901,0.05488414632778865,0.06081367002397261,0.060963516685655576,64,0.016920900859375,0.0165721275,0.0201184901,0.02022103139,395,0.2759493670886076,0.0,2.0,2.0,395,18.835443037974684,21.0,32.0,32.0,395,0.0,0.0,0.0,0.0,395,1514.6759493670886,1648.0,2637.3,2744.32,395,0.3534008281304453,0.3845076994867009,0.6153289780681287,0.640298646756883,1943,16.864642305712817,17.0,32.0,32.0,14,4.571428571428571,4.5,9.0,9.0,14,4681.142857142857,4608.0,9216.0,9216.0,14,4681.142857142857,4608.0,9216.0,9216.0,14,1.167737872,1.1516983765,2.2775081777,2.28547492194,1927,16.97145822522055,17.0,32.0,32.0,1943,0.21358723623262996,0.0,1.900000000000091,2.0,1943,16.966031909418426,17.0,32.0,32.0,1943,1368.5882655687083,1498.0,2606.0,2741.16,1943,1367.2702007205353,1498.0,2606.0,2740.0
