role,run_id,achieved_request_throughput_rps,completed_request_count,elapsed_s,generated_output_token_count,generated_token_throughput_tps,gpu_memory_free_bytes,gpu_memory_source,gpu_memory_total_bytes,gpu_memory_used_bytes,logical_kv_utilization,num_decoding_gpu_blocks,num_gpu_blocks,preemption_count,running_q_count,swap_in_count,swap_out_count,swapped_q_count,timestamp_ns,waiting_q_depth
below,sweep-rps-0.75,0.0,0,0.000729801,0,0.0,4683988992,torch.cuda.mem_get_info,25296044032,20612055040,0.0,0,1768,0,0,0,0,0,21855093893870,0
below,sweep-rps-0.75,0.0,0,0.251931779,0,0.0,4683988992,torch.cuda.mem_get_info,25296044032,20612055040,0.0,0,1768,0,0,0,0,0,21855345095848,0
below,sweep-rps-0.75,0.0,0,0.503234508,0,0.0,4683988992,torch.cuda.mem_get_info,25296044032,20612055040,0.0,0,1768,0,0,0,0,0,21855596398577,0
below,sweep-rps-0.75,0.0,0,0.753954058,0,0.0,4683988992,torch.cuda.mem_get_info,25296044032,20612055040,0.0,0,1768,0,0,0,0,0,21855847118127,0
below,sweep-rps-0.75,0.0,0,1.004956069,0,0.0,4683988992,torch.cuda.mem_get_info,25296044032,20612055040,0.0,0,1768,0,0,0,0,0,21856098120138,0
below,sweep-rps-0.75,0.0,0,1.255636958,0,0.0,4683988992,torch.cuda.mem_get_info,25296044032,20612055040,0.0,0,1768,0,0,0,0,0,21856348801027,0
below,sweep-rps-0.75,0.0,0,1.506066062,0,0.0,4683988992,torch.cuda.mem_get_info,25296044032,20612055040,0.0,0,1768,0,0,0,0,0,21856599230131,0
below,sweep-rps-0.75,0.0,0,1.756906424,0,0.0,4683988992,torch.cuda.mem_get_info,25296044032,20612055040,0.0,0,1768,0,0,0,0,0,21856850070493,0
below,sweep-rps-0.75,0.0,0,2.007978602,0,0.0,4683988992,torch.cuda.mem_get_info,25296044032,20612055040,0.0,0,1768,0,0,0,0,0,21857101142671,0
below,sweep-rps-0.75,0.0,0,2.258748624,0,0.0,4683988992,torch.cuda.mem_get_info,25296044032,20612055040,0.0,0,1768,0,0,0,0,0,21857351912693,0
below,sweep-rps-0.75,0.0,0,2.509225515,0,0.0,4683988992,torch.cuda.mem_get_info,25296044032,20612055040,0.0,0,1768,0,0,0,0,0,21857602389584,0
below,sweep-rps-0.75,0.0,0,2.760106445,0,0.0,4683988992,torch.cuda.mem_get_info,25296044032,20612055040,0.0,0,1768,0,0,0,0,0,21857853270514,0
below,sweep-rps-0.75,0.0,0,3.010904232,0,0.0,4683988992,torch.cuda.mem_get_info,25296044032,20612055040,0.0,0,1768,0,0,0,0,0,21858104068301,0
below,sweep-rps-0.75,0.0,0,3.261396422,0,0.0,4683988992,torch.cuda.mem_get_info,25296044032,20612055040,0.0,0,1768,0,0,0,0,0,21858354560491,0
below,sweep-rps-0.75,0.0,0,3.512006679,0,0.0,4683988992,torch.cuda.mem_get_info,25296044032,20612055040,0.0,0,1768,0,0,0,0,0,21858605170748,0
below,sweep-rps-0.75,0.0,0,3.762400423,0,0.0,4683988992,torch.cuda.mem_get_info,25296044032,20612055040,0.0,0,1768,0,0,0,0,0,21858855564492,0
below,sweep-rps-0.75,0.0,0,4.013774183,0,0.0,4683988992,torch.cuda.mem_get_info,25296044032,20612055040,0.0,0,1768,0,0,0,0,0,21859106938252,0
below,sweep-rps-0.75,0.0,0,4.265043667,0,0.0,4683988992,torch.cuda.mem_get_info,25296044032,20612055040,0.0,0,1768,0,0,0,0,0,21859358207736,0
below,sweep-rps-0.75,0.0,0,4.515917002,0,0.0,4683988992,torch.cuda.mem_get_info,25296044032,20612055040,0.0,0,1768,0,0,0,0,0,21859609081071,0
below,sweep-rps-0.75,0.0,0,4.767245116,0,0.0,4683988992,torch.cuda.mem_get_info,25296044032,20612055040,0.0,0,1768,0,0,0,0,0,21859860409185,0
below,sweep-rps-0.75,0.0,0,5.017923949,0,0.0,4683988992,torch.cuda.mem_get_info,25296044032,20612055040,0.0,0,1768,0,0,0,0,0,21860111088018,0
below,sweep-rps-0.75,0.0,0,5.268248898,0,0.0,4683988992,torch.cuda.mem_get_info,25296044032,20612055040,0.0,0,1768,0,0,0,0,0,21860361412967,0
below,sweep-rps-0.75,0.0,0,5.518562644,0,0.0,4683988992,torch.cuda.mem_get_info,25296044032,20612055040,0.0,0,1768,0,0,0,0,0,21860611726713,0
below,sweep-rps-0.75,0.0,0,5.769584409,0,0.0,4683988992,torch.cuda.mem_get_info,25296044032,20612055040,0.0,0,1768,0,0,0,0,0,21860862748478,0
below,sweep-rps-0.75,0.0,0,6.019877971,0,0.0,4683988992,torch.cuda.mem_get_info,25296044032,20612055040,0.0,0,1768,0,0,0,0,0,21861113042040,0
below,sweep-rps-0.75,0.0,0,6.270818057,0,0.0,4683988992,torch.cuda.mem_get_info,25296044032,20612055040,0.0,0,1768,0,0,0,0,0,21861363982126,0
below,sweep-rps-0.75,0.0,0,6.521989175,0,0.0,4683988992,torch.cuda.mem_get_info,25296044032,20612055040,0.0,0,1768,0,0,0,0,0,21861615153244,0
below,sweep-rps-0.75,0.0,0,6.772674311,0,0.0,4683988992,torch.cuda.mem_get_info,25296044032,20612055040,0.0,0,1768,0,0,0,0,0,21861865838380,0
below,sweep-rps-0.75,0.0,0,7.02385975,0,0.0,4683988992,torch.cuda.mem_get_info,25296044032,20612055040,0.0,0,1768,0,0,0,0,0,21862117023819,0
below,sweep-rps-0.75,0.0,0,7.274380827,0,0.0,4683988992,torch.cuda.mem_get_info,25296044032,20612055040,0.0,0,1768,0,0,0,0,0,21862367544896,0
below,sweep-rps-0.75,0.0,0,7.525432828,0,0.0,4683988992,torch.cuda.mem_get_info,25296044032,20612055040,0.0,0,1768,0,0,0,0,0,21862618596897,0
below,sweep-rps-0.75,0.0,0,7.776639534,0,0.0,4683988992,torch.cuda.mem_get_info,25296044032,20612055040,0.0,0,1768,0,0,0,0,0,21862869803603,0
below,sweep-rps-0.75,0.0,0,8.027917318,0,0.0,4675600384,torch.cuda.mem_get_info,25296044032,20620443648,0.07239819004524888,128,1768,0,1,0,0,0,21863121081387,6
below,sweep-rps-0.75,0.0,0,8.279041551,0,0.0,4675600384,torch.cuda.mem_get_info,25296044032,20620443648,0.07239819004524888,128,1768,0,1,0,0,0,21863372205620,6
below,sweep-rps-0.75,0.0,0,8.529599785,1,0.11723879492664847,3870294016,torch.cuda.mem_get_info,25296044032,21425750016,0.5067873303167421,896,1768,0,7,0,0,0,21863622763854,0
below,sweep-rps-0.75,0.0,0,8.780435587,1,0.11388956619425174,3870294016,torch.cuda.mem_get_info,25296044032,21425750016,0.5067873303167421,896,1768,0,7,0,0,0,21863873599656,0
below,sweep-rps-0.75,0.0,0,9.031056227,1,0.1107290193820648,3870294016,torch.cuda.mem_get_info,25296044032,21425750016,0.5067873303167421,896,1768,0,7,0,0,0,21864124220296,0
below,sweep-rps-0.75,0.0,0,9.282234481,1,0.10773268032033892,3870294016,torch.cuda.mem_get_info,25296044032,21425750016,0.5067873303167421,896,1768,0,7,0,0,0,21864375398550,0
below,sweep-rps-0.75,0.0,0,9.532585029,1,0.10490333912131947,3870294016,torch.cuda.mem_get_info,25296044032,21425750016,0.5067873303167421,896,1768,0,7,0,0,0,21864625749098,1
below,sweep-rps-0.75,0.0,0,9.782884216,1,0.10221934328574497,3870294016,torch.cuda.mem_get_info,25296044032,21425750016,0.5067873303167421,896,1768,0,7,0,0,0,21864876048285,1
below,sweep-rps-0.75,0.0,0,10.033585836,1,0.09966526587255081,3870294016,torch.cuda.mem_get_info,25296044032,21425750016,0.5067873303167421,896,1768,0,7,0,0,0,21865126749905,1
below,sweep-rps-0.75,0.0,0,10.284166,1,0.0972368590705362,3870294016,torch.cuda.mem_get_info,25296044032,21425750016,0.5067873303167421,896,1768,0,7,0,0,0,21865377330069,1
below,sweep-rps-0.75,0.0,0,10.534471515,1,0.09492645156200795,3870294016,torch.cuda.mem_get_info,25296044032,21425750016,0.5067873303167421,896,1768,0,7,0,0,0,21865627635584,1
below,sweep-rps-0.75,0.0,0,10.78531496,1,0.09271866456461834,3870294016,torch.cuda.mem_get_info,25296044032,21425750016,0.5067873303167421,896,1768,0,7,0,0,0,21865878479029,2
below,sweep-rps-0.75,0.0,0,11.03643467,1,0.09060897200055641,3870294016,torch.cuda.mem_get_info,25296044032,21425750016,0.5067873303167421,896,1768,0,7,0,0,0,21866129598739,2
below,sweep-rps-0.75,0.0,0,11.293661341,7,0.619816708562662,3868196864,torch.cuda.mem_get_info,25296044032,21427847168,0.6515837104072398,1152,1768,0,9,0,0,0,21866386825410,0
below,sweep-rps-0.75,0.0,0,11.544308751,7,0.6063593889407748,3868196864,torch.cuda.mem_get_info,25296044032,21427847168,0.6515837104072398,1152,1768,0,9,0,0,0,21866637472820,0
below,sweep-rps-0.75,0.0,0,11.794851307,7,0.5934792917521262,3868196864,torch.cuda.mem_get_info,25296044032,21427847168,0.6515837104072398,1152,1768,0,9,0,0,0,21866888015376,0
below,sweep-rps-0.75,0.0,0,12.045383253,7,0.5811355149913219,3868196864,torch.cuda.mem_get_info,25296044032,21427847168,0.6515837104072398,1152,1768,0,9,0,0,0,21867138547322,1
below,sweep-rps-0.75,0.0,0,12.295925637,9,0.73194977472195,3868196864,torch.cuda.mem_get_info,25296044032,21427847168,0.7239819004524887,1280,1768,0,10,0,0,0,21867389089706,0
below,sweep-rps-0.75,0.0,0,12.547138056,9,0.7172950484669474,3868196864,torch.cuda.mem_get_info,25296044032,21427847168,0.7239819004524887,1280,1768,0,10,0,0,0,21867640302125,0
below,sweep-rps-0.75,0.0,0,12.798392499,10,0.7813481263980103,3845128192,torch.cuda.mem_get_info,25296044032,21450915840,0.7296380090497737,1290,1768,0,10,0,0,0,21867891556568,0
below,sweep-rps-0.75,0.0,0,13.049878617,90,6.896615872178116,3845128192,torch.cuda.mem_get_info,25296044032,21450915840,0.7296380090497737,1290,1768,0,10,0,0,0,21868143042686,0
below,sweep-rps-0.75,0.7518516737791244,10,13.300495761,160,12.02962678046599,3845128192,torch.cuda.mem_get_info,25296044032,21450915840,0.0,0,1768,0,0,0,0,0,21868393659830,0
below,sweep-rps-0.75,0.7379469143374707,10,13.551110257,160,11.807150629399532,3845128192,torch.cuda.mem_get_info,25296044032,21450915840,0.07239819004524888,128,1768,0,1,0,0,0,21868644274326,0
below,sweep-rps-0.75,0.7245149138922979,10,13.802338376,160,11.592238622276767,3845128192,torch.cuda.mem_get_info,25296044032,21450915840,0.07239819004524888,128,1768,0,1,0,0,0,21868895502445,0
below,sweep-rps-0.75,0.7115894816627053,10,14.053046395,165,11.741226447434638,3845128192,torch.cuda.mem_get_info,25296044032,21450915840,0.07296380090497738,129,1768,0,1,0,0,0,21869146210464,0
below,sweep-rps-0.75,0.7690382057210216,11,14.303580652,176,12.304611291536345,3845128192,torch.cuda.mem_get_info,25296044032,21450915840,0.0,0,1768,0,0,0,0,0,21869396744721,0
below,sweep-rps-0.75,0.755786252899575,11,14.554379572,176,12.0925800463932,3845128192,torch.cuda.mem_get_info,25296044032,21450915840,0.0,0,1768,0,0,0,0,0,21869647543641,0
below,sweep-rps-0.75,0.7429777553533312,11,14.805288477,176,11.8876440856533,3845128192,torch.cuda.mem_get_info,25296044032,21450915840,0.07239819004524888,128,1768,0,1,0,0,0,21869898452546,0
below,sweep-rps-0.75,0.7305798981454955,11,15.056532527,176,11.689278370327928,3845128192,torch.cuda.mem_get_info,25296044032,21450915840,0.07239819004524888,128,1768,0,1,0,0,0,21870149696596,0
below,sweep-rps-0.75,0.7186067924474087,11,15.307397753,181,11.824348130270996,3845128192,torch.cuda.mem_get_info,25296044032,21450915840,0.07296380090497738,129,1768,0,1,0,0,0,21870400561822,0
below,sweep-rps-0.75,0.7712904540118974,12,15.558341138,192,12.340647264190359,3845128192,torch.cuda.mem_get_info,25296044032,21450915840,0.0,0,1768,0,0,0,0,0,21870651505207,0
below,sweep-rps-0.75,0.7590281051446669,12,15.80969126,192,12.14444968231467,3845128192,torch.cuda.mem_get_info,25296044032,21450915840,0.0,0,1768,0,0,0,0,0,21870902855329,0
below,sweep-rps-0.75,0.7471957499265646,12,16.060048523,192,11.955131998825033,3845128192,torch.cuda.mem_get_info,25296044032,21450915840,0.07239819004524888,128,1768,0,1,0,0,0,21871153212592,0
below,sweep-rps-0.75,0.7356916061869889,12,16.311182429,192,11.771065698991823,3845128192,torch.cuda.mem_get_info,25296044032,21450915840,0.07239819004524888,128,1768,0,1,0,0,0,21871404346498,0
below,sweep-rps-0.75,0.7245732873775246,12,16.561471709,194,11.713934812603314,3845128192,torch.cuda.mem_get_info,25296044032,21450915840,0.07296380090497738,129,1768,0,1,0,0,0,21871654635778,0
below,sweep-rps-0.75,0.7137460845192389,12,16.812701688,205,12.193162277203665,3845128192,torch.cuda.mem_get_info,25296044032,21450915840,0.07296380090497738,129,1768,0,1,0,0,0,21871905865757,0
below,sweep-rps-0.75,0.7618788162751658,13,17.06308106,208,12.190061060402654,3845128192,torch.cuda.mem_get_info,25296044032,21450915840,0.0,0,1768,0,0,0,0,0,21872156245129,0
below,sweep-rps-0.75,0.7508364399377783,13,17.314023812,208,12.013383039004452,3845128192,torch.cuda.mem_get_info,25296044032,21450915840,0.0,0,1768,0,0,0,0,0,21872407187881,0
below,sweep-rps-0.75,0.7401286115738102,13,17.564514865,208,11.842057785180963,3845128192,torch.cuda.mem_get_info,25296044032,21450915840,0.07239819004524888,128,1768,0,1,0,0,0,21872657678934,0
below,sweep-rps-0.75,0.7296901467228913,13,17.815781203,208,11.675042347566261,3845128192,torch.cuda.mem_get_info,25296044032,21450915840,0.07239819004524888,128,1768,0,1,0,0,0,21872908945272,0
below,sweep-rps-0.75,0.7195406916981067,13,18.067081056,218,12.066143906937482,3845128192,torch.cuda.mem_get_info,25296044032,21450915840,0.07296380090497738,129,1768,0,1,0,0,0,21873160245125,0
below,sweep-rps-0.75,0.7642881336183545,14,18.317699025,224,12.228610137893671,3845128192,torch.cuda.mem_get_info,25296044032,21450915840,0.0,0,1768,0,0,0,0,0,21873410863094,0
below,sweep-rps-0.75,0.7539551082352248,14,18.568744806,224,12.063281731763597,3845128192,torch.cuda.mem_get_info,25296044032,21450915840,0.0,0,1768,0,0,0,0,0,21873661908875,0
below,sweep-rps-0.75,0.7438872919246096,14,18.820055339,224,11.902196670793753,3845128192,torch.cuda.mem_get_info,25296044032,21450915840,0.07239819004524888,128,1768,0,1,0,0,0,21873913219408,0
below,sweep-rps-0.75,0.7340989992712366,14,19.070997255,224,11.745583988339785,3845128192,torch.cuda.mem_get_info,25296044032,21450915840,0.07239819004524888,128,1768,0,1,0,0,0,21874164161324,0
below,sweep-rps-0.75,0.7245650644760891,14,19.321936271,230,11.903568916392894,3845128192,torch.cuda.mem_get_info,25296044032,21450915840,0.07296380090497738,129,1768,0,1,0,0,0,21874415100340,0
below,sweep-rps-0.75,0.7663753285252223,15,19.572655123,240,12.262005256403556,3845128192,torch.cuda.mem_get_info,25296044032,21450915840,0.0,0,1768,0,0,0,0,0,21874665819192,0
below,sweep-rps-0.75,0.7566814171974663,15,19.823402107,240,12.10690267515946,3845128192,torch.cuda.mem_get_info,25296044032,21450915840,0.0,0,1768,0,0,0,0,0,21874916566176,0
below,sweep-rps-0.75,0.747213123770274,15,20.074593878,240,11.955409980324385,3845128192,torch.cuda.mem_get_info,25296044032,21450915840,0.07239819004524888,128,1768,0,1,0,0,0,21875167757947,0
below,sweep-rps-0.75,0.7380061073264416,15,20.325035052,240,11.808097717223065,3845128192,torch.cuda.mem_get_info,25296044032,21450915840,0.07239819004524888,128,1768,0,1,0,0,0,21875418199121,0
below,sweep-rps-0.75,0.7289912040575952,15,20.576379957,243,11.809657505733043,3845128192,torch.cuda.mem_get_info,25296044032,21450915840,0.07296380090497738,129,1768,0,1,0,0,0,21875669544026,0
below,sweep-rps-0.75,0.7202116348226789,15,20.82721144,251,12.051541356032827,3836739584,torch.cuda.mem_get_info,25296044032,21459304448,0.07296380090497738,129,1768,0,1,0,0,0,21875920375509,0
below,sweep-rps-0.75,0.7590812418572552,16,21.078112747,256,12.145299869716084,3836739584,torch.cuda.mem_get_info,25296044032,21459304448,0.0,0,1768,0,0,0,0,0,21876171276816,0
below,sweep-rps-0.75,0.7501444748487199,16,21.329224618,256,12.002311597579519,3836739584,torch.cuda.mem_get_info,25296044032,21459304448,0.0,0,1768,0,0,0,0,0,21876422388687,0
below,sweep-rps-0.75,0.7414212584648048,16,21.580174317,256,11.862740135436876,3836739584,torch.cuda.mem_get_info,25296044032,21459304448,0.07239819004524888,128,1768,0,1,0,0,0,21876673338386,0
below,sweep-rps-0.75,0.7329010152006207,16,21.831051763,256,11.72641624320993,3836739584,torch.cuda.mem_get_info,25296044032,21459304448,0.07239819004524888,128,1768,0,1,0,0,0,21876924215832,0
below,sweep-rps-0.75,0.7245594325144559,16,22.082384525,262,11.864660707424214,3836739584,torch.cuda.mem_get_info,25296044032,21459304448,0.07296380090497738,129,1768,0,1,0,0,0,21877175548594,0
below,sweep-rps-0.75,0.7164123894210285,16,22.333505445,268,11.999907522802227,3836739584,torch.cuda.mem_get_info,25296044032,21459304448,0.07296380090497738,129,1768,0,1,0,0,0,21877426669514,0
below,sweep-rps-0.75,0.7527496985847849,17,22.583868226,272,12.043995177356559,3836739584,torch.cuda.mem_get_info,25296044032,21459304448,0.0,0,1768,0,0,0,0,0,21877677032295,0
below,sweep-rps-0.75,0.7444891054860706,17,22.834451001,272,11.91182568777713,3836739584,torch.cuda.mem_get_info,25296044032,21459304448,0.07239819004524888,128,1768,0,1,0,0,0,21877927615070,0
below,sweep-rps-0.75,0.7364016199769157,17,23.085228955,272,11.78242591963065,3836739584,torch.cuda.mem_get_info,25296044032,21459304448,0.07239819004524888,128,1768,0,1,0,0,0,21878178393024,0
below,sweep-rps-0.75,0.7284567398531995,17,23.337006949,276,11.826709423499002,3836739584,torch.cuda.mem_get_info,25296044032,21459304448,0.07296380090497738,129,1768,0,1,0,0,0,21878430171018,0
below,sweep-rps-0.75,0.7207202635847011,17,23.587514961,284,12.04026793282677,3836739584,torch.cuda.mem_get_info,25296044032,21459304448,0.07296380090497738,129,1768,0,1,0,0,0,21878680679030,0
below,sweep-rps-0.75,0.7550816456441561,18,23.838481711,288,12.081306330306498,3836739584,torch.cuda.mem_get_info,25296044032,21459304448,0.0,0,1768,0,0,0,0,0,21878931645780,0
below,sweep-rps-0.75,0.7472101648201961,18,24.089608048,288,11.955362637123137,3836739584,torch.cuda.mem_get_info,25296044032,21459304448,0.07239819004524888,128,1768,0,1,0,0,0,21879182772117,0
below,sweep-rps-0.75,0.7393741377526117,18,24.344914274,288,11.829986204041788,3836739584,torch.cuda.mem_get_info,25296044032,21459304448,0.07239819004524888,128,1768,0,1,0,0,0,21879438078343,0
below,sweep-rps-0.75,0.731838783491504,18,24.595580893,290,11.790735956252009,3836739584,torch.cuda.mem_get_info,25296044032,21459304448,0.07296380090497738,129,1768,0,1,0,0,0,21879688744962,0
below,sweep-rps-0.75,0.7244412100493036,18,24.846736699,297,11.95327996581351,3836739584,torch.cuda.mem_get_info,25296044032,21459304448,0.07296380090497738,129,1768,0,1,0,0,0,21879939900768,0
below,sweep-rps-0.75,0.7570479379276668,19,25.097485969,304,12.112767006842668,3836739584,torch.cuda.mem_get_info,25296044032,21459304448,0.0,0,1768,0,0,0,0,0,21880190650038,0
below,sweep-rps-0.75,0.7495464066958508,19,25.348663979,304,11.992742507133613,3836739584,torch.cuda.mem_get_info,25296044032,21459304448,0.0,0,1768,0,0,0,0,0,21880441828048,0
below,sweep-rps-0.75,0.7422141567084165,19,25.599080573,304,11.875426507334664,3836739584,torch.cuda.mem_get_info,25296044032,21459304448,0.07239819004524888,128,1768,0,1,0,0,0,21880692244642,0
below,sweep-rps-0.75,0.7350085867223406,19,25.85003814,304,11.76013738755745,3836739584,torch.cuda.mem_get_info,25296044032,21459304448,0.07239819004524888,128,1768,0,1,0,0,0,21880943202209,0
below,sweep-rps-0.75,0.7279434800578725,19,26.100927504,311,11.915285384105175,3836739584,torch.cuda.mem_get_info,25296044032,21459304448,0.07296380090497738,129,1768,0,1,0,0,0,21881194091573,0
below,sweep-rps-0.75,0.7210011172005283,19,26.352247655,318,12.067281856303579,3836739584,torch.cuda.mem_get_info,25296044032,21459304448,0.07296380090497738,129,1768,0,1,0,0,0,21881445411724,0
below,sweep-rps-0.75,0.7576326722048148,20,26.398016788,320,12.122122755277037,3836739584,torch.cuda.mem_get_info,25296044032,21459304448,0.07296380090497738,129,1768,0,1,0,0,0,21881491180857,0
near,sweep-rps-1.00,0.0,0,0.00137043,0,0.0,4683988992,torch.cuda.mem_get_info,25296044032,20612055040,0.0,0,1768,0,0,0,0,0,21684180929636,0
near,sweep-rps-1.00,0.0,0,0.252092651,0,0.0,4683988992,torch.cuda.mem_get_info,25296044032,20612055040,0.0,0,1768,0,0,0,0,0,21684431651857,0
near,sweep-rps-1.00,0.0,0,0.502891132,0,0.0,4683988992,torch.cuda.mem_get_info,25296044032,20612055040,0.0,0,1768,0,0,0,0,0,21684682450338,0
near,sweep-rps-1.00,0.0,0,0.754072329,0,0.0,4683988992,torch.cuda.mem_get_info,25296044032,20612055040,0.0,0,1768,0,0,0,0,0,21684933631535,0
near,sweep-rps-1.00,0.0,0,1.004782429,0,0.0,4683988992,torch.cuda.mem_get_info,25296044032,20612055040,0.0,0,1768,0,0,0,0,0,21685184341635,0
near,sweep-rps-1.00,0.0,0,1.259702664,0,0.0,4683988992,torch.cuda.mem_get_info,25296044032,20612055040,0.0,0,1768,0,0,0,0,0,21685439261870,0
near,sweep-rps-1.00,0.0,0,1.510681842,0,0.0,4683988992,torch.cuda.mem_get_info,25296044032,20612055040,0.0,0,1768,0,0,0,0,0,21685690241048,0
near,sweep-rps-1.00,0.0,0,1.761241002,0,0.0,4683988992,torch.cuda.mem_get_info,25296044032,20612055040,0.0,0,1768,0,0,0,0,0,21685940800208,0
near,sweep-rps-1.00,0.0,0,2.01169301,0,0.0,4683988992,torch.cuda.mem_get_info,25296044032,20612055040,0.0,0,1768,0,0,0,0,0,21686191252216,0
near,sweep-rps-1.00,0.0,0,2.262521291,0,0.0,4683988992,torch.cuda.mem_get_info,25296044032,20612055040,0.0,0,1768,0,0,0,0,0,21686442080497,0
near,sweep-rps-1.00,0.0,0,2.512808213,0,0.0,4683988992,torch.cuda.mem_get_info,25296044032,20612055040,0.0,0,1768,0,0,0,0,0,21686692367419,0
near,sweep-rps-1.00,0.0,0,2.763387161,0,0.0,4683988992,torch.cuda.mem_get_info,25296044032,20612055040,0.0,0,1768,0,0,0,0,0,21686942946367,0
near,sweep-rps-1.00,0.0,0,3.013886709,0,0.0,4683988992,torch.cuda.mem_get_info,25296044032,20612055040,0.0,0,1768,0,0,0,0,0,21687193445915,0
near,sweep-rps-1.00,0.0,0,3.264932535,0,0.0,4683988992,torch.cuda.mem_get_info,25296044032,20612055040,0.0,0,1768,0,0,0,0,0,21687444491741,0
near,sweep-rps-1.00,0.0,0,3.515633653,0,0.0,4683988992,torch.cuda.mem_get_info,25296044032,20612055040,0.0,0,1768,0,0,0,0,0,21687695192859,0
near,sweep-rps-1.00,0.0,0,3.765935588,0,0.0,4683988992,torch.cuda.mem_get_info,25296044032,20612055040,0.0,0,1768,0,0,0,0,0,21687945494794,0
near,sweep-rps-1.00,0.0,0,4.017051146,0,0.0,4683988992,torch.cuda.mem_get_info,25296044032,20612055040,0.0,0,1768,0,0,0,0,0,21688196610352,0
near,sweep-rps-1.00,0.0,0,4.26735732,0,0.0,4683988992,torch.cuda.mem_get_info,25296044032,20612055040,0.0,0,1768,0,0,0,0,0,21688446916526,0
near,sweep-rps-1.00,0.0,0,4.517861424,0,0.0,4683988992,torch.cuda.mem_get_info,25296044032,20612055040,0.0,0,1768,0,0,0,0,0,21688697420630,0
near,sweep-rps-1.00,0.0,0,4.768400866,0,0.0,4683988992,torch.cuda.mem_get_info,25296044032,20612055040,0.0,0,1768,0,0,0,0,0,21688947960072,0
near,sweep-rps-1.00,0.0,0,5.019409927,0,0.0,4683988992,torch.cuda.mem_get_info,25296044032,20612055040,0.0,0,1768,0,0,0,0,0,21689198969133,0
near,sweep-rps-1.00,0.0,0,5.26978804,0,0.0,4683988992,torch.cuda.mem_get_info,25296044032,20612055040,0.0,0,1768,0,0,0,0,0,21689449347246,0
near,sweep-rps-1.00,0.0,0,5.520475961,0,0.0,4683988992,torch.cuda.mem_get_info,25296044032,20612055040,0.0,0,1768,0,0,0,0,0,21689700035167,0
near,sweep-rps-1.00,0.0,0,5.771128808,0,0.0,4683988992,torch.cuda.mem_get_info,25296044032,20612055040,0.0,0,1768,0,0,0,0,0,21689950688014,0
near,sweep-rps-1.00,0.0,0,6.021539781,0,0.0,4683988992,torch.cuda.mem_get_info,25296044032,20612055040,0.0,0,1768,0,0,0,0,0,21690201098987,0
near,sweep-rps-1.00,0.0,0,6.272059469,0,0.0,4683988992,torch.cuda.mem_get_info,25296044032,20612055040,0.0,0,1768,0,0,0,0,0,21690451618675,0
near,sweep-rps-1.00,0.0,0,6.522467576,0,0.0,4683988992,torch.cuda.mem_get_info,25296044032,20612055040,0.0,0,1768,0,0,0,0,0,21690702026782,0
near,sweep-rps-1.00,0.0,0,6.773396309,0,0.0,4683988992,torch.cuda.mem_get_info,25296044032,20612055040,0.0,0,1768,0,0,0,0,0,21690952955515,0
near,sweep-rps-1.00,0.0,0,7.024385828,0,0.0,4683988992,torch.cuda.mem_get_info,25296044032,20612055040,0.0,0,1768,0,0,0,0,0,21691203945034,0
near,sweep-rps-1.00,0.0,0,7.275253164,0,0.0,4683988992,torch.cuda.mem_get_info,25296044032,20612055040,0.0,0,1768,0,0,0,0,0,21691454812370,0
near,sweep-rps-1.00,0.0,0,7.52595981,0,0.0,4683988992,torch.cuda.mem_get_info,25296044032,20612055040,0.0,0,1768,0,0,0,0,0,21691705519016,0
near,sweep-rps-1.00,0.0,0,7.777264725,0,0.0,4675600384,torch.cuda.mem_get_info,25296044032,20620443648,0.07239819004524888,128,1768,0,1,0,0,0,21691956823931,7
near,sweep-rps-1.00,0.0,0,8.027868874,0,0.0,4675600384,torch.cuda.mem_get_info,25296044032,20620443648,0.07239819004524888,128,1768,0,1,0,0,0,21692207428080,8
near,sweep-rps-1.00,0.0,0,8.278363406,1,0.12079682311061858,3467640832,torch.cuda.mem_get_info,25296044032,21828403200,0.6515837104072398,1152,1768,0,9,0,0,0,21692457922612,0
near,sweep-rps-1.00,0.0,0,8.529329282,1,0.11724251309072627,3467640832,torch.cuda.mem_get_info,25296044032,21828403200,0.6515837104072398,1152,1768,0,9,0,0,0,21692708888488,0
near,sweep-rps-1.00,0.0,0,8.780030818,1,0.11389481662751039,3467640832,torch.cuda.mem_get_info,25296044032,21828403200,0.6515837104072398,1152,1768,0,9,0,0,0,21692959590024,0
near,sweep-rps-1.00,0.0,0,9.030828591,1,0.11073181047823079,3467640832,torch.cuda.mem_get_info,25296044032,21828403200,0.6515837104072398,1152,1768,0,9,0,0,0,21693210387797,1
near,sweep-rps-1.00,0.0,0,9.281419601,1,0.10774213891722532,3467640832,torch.cuda.mem_get_info,25296044032,21828403200,0.6515837104072398,1152,1768,0,9,0,0,0,21693460978807,1
near,sweep-rps-1.00,0.0,0,9.53260564,1,0.10490311230372056,3467640832,torch.cuda.mem_get_info,25296044032,21828403200,0.6515837104072398,1152,1768,0,9,0,0,0,21693712164846,1
near,sweep-rps-1.00,0.0,0,9.783519493,1,0.10221270583816887,3467640832,torch.cuda.mem_get_info,25296044032,21828403200,0.6515837104072398,1152,1768,0,9,0,0,0,21693963078699,1
near,sweep-rps-1.00,0.0,0,10.034321633,1,0.09965795761531974,3467640832,torch.cuda.mem_get_info,25296044032,21828403200,0.6515837104072398,1152,1768,0,9,0,0,0,21694213880839,2
near,sweep-rps-1.00,0.0,0,10.284956156,1,0.09722938871417781,3467640832,torch.cuda.mem_get_info,25296044032,21828403200,0.6515837104072398,1152,1768,0,9,0,0,0,21694464515362,2
near,sweep-rps-1.00,0.0,0,10.536348568,1,0.09490954039211509,3467640832,torch.cuda.mem_get_info,25296044032,21828403200,0.6515837104072398,1152,1768,0,9,0,0,0,21694715907774,2
near,sweep-rps-1.00,0.0,0,10.7868439,1,0.09270552251154762,3467640832,torch.cuda.mem_get_info,25296044032,21828403200,0.6515837104072398,1152,1768,0,9,0,0,0,21694966403106,2
near,sweep-rps-1.00,0.0,0,11.037524958,1,0.09060002163575628,3467640832,torch.cuda.mem_get_info,25296044032,21828403200,0.6515837104072398,1152,1768,0,9,0,0,0,21695217084164,3
near,sweep-rps-1.00,0.0,0,11.288164178,1,0.08858836425757732,3467640832,torch.cuda.mem_get_info,25296044032,21828403200,0.6515837104072398,1152,1768,0,9,0,0,0,21695467723384,3
near,sweep-rps-1.00,0.0,0,11.538927972,1,0.08666316337415127,3467640832,torch.cuda.mem_get_info,25296044032,21828403200,0.6515837104072398,1152,1768,0,9,0,0,0,21695718487178,3
near,sweep-rps-1.00,0.0,0,11.789507081,1,0.08482118829307143,3467640832,torch.cuda.mem_get_info,25296044032,21828403200,0.6515837104072398,1152,1768,0,9,0,0,0,21695969066287,3
near,sweep-rps-1.00,0.0,0,12.040123342,9,0.7475006479879631,3465543680,torch.cuda.mem_get_info,25296044032,21830500352,0.8687782805429864,1536,1768,0,12,0,0,0,21696219682548,1
near,sweep-rps-1.00,0.0,0,12.290512955,9,0.7322721218351297,3465543680,torch.cuda.mem_get_info,25296044032,21830500352,0.8687782805429864,1536,1768,0,12,0,0,0,21696470072161,1
near,sweep-rps-1.00,0.0,0,12.540855756,9,0.7176543750368929,3465543680,torch.cuda.mem_get_info,25296044032,21830500352,0.8687782805429864,1536,1768,0,12,0,0,0,21696720414962,1
near,sweep-rps-1.00,0.0,0,12.791776213,9,0.7035770365380141,3465543680,torch.cuda.mem_get_info,25296044032,21830500352,0.8687782805429864,1536,1768,0,12,0,0,0,21696971335419,1
near,sweep-rps-1.00,0.0,0,13.042795321,9,0.6900361294107898,3465543680,torch.cuda.mem_get_info,25296044032,21830500352,0.8687782805429864,1536,1768,0,12,0,0,0,21697222354527,2
near,sweep-rps-1.00,0.0,0,13.293482111,9,0.6770235160998743,3465543680,torch.cuda.mem_get_info,25296044032,21830500352,0.8687782805429864,1536,1768,0,12,0,0,0,21697473041317,2
near,sweep-rps-1.00,0.0,0,13.544709887,12,0.8859547454403148,3465543680,torch.cuda.mem_get_info,25296044032,21830500352,0.9411764705882353,1664,1768,0,13,0,0,0,21697724269093,1
near,sweep-rps-1.00,0.0,0,13.795462864,12,0.8698512053056693,3465543680,torch.cuda.mem_get_info,25296044032,21830500352,0.9411764705882353,1664,1768,0,13,0,0,0,21697975022070,1
near,sweep-rps-1.00,0.0,0,14.045878477,78,5.55323044605037,3442475008,torch.cuda.mem_get_info,25296044032,21853569024,0.9485294117647058,1677,1768,0,13,0,0,0,21698225437683,2
near,sweep-rps-1.00,0.0,0,14.296985444,182,12.72995630532587,3442475008,torch.cuda.mem_get_info,25296044032,21853569024,0.9485294117647058,1677,1768,0,13,0,0,0,21698476544650,2
near,sweep-rps-1.00,0.8935867389996849,13,14.548112044,208,14.297387823994958,3442475008,torch.cuda.mem_get_info,25296044032,21853569024,0.14479638009049775,256,1768,0,2,0,0,0,21698727671250,0
near,sweep-rps-1.00,0.8784085074340717,13,14.799492366,208,14.054536118945148,3442475008,torch.cuda.mem_get_info,25296044032,21853569024,0.14479638009049775,256,1768,0,2,0,0,0,21698979051572,0
near,sweep-rps-1.00,0.8637425450537075,13,15.050781132,208,13.81988072085932,3442475008,torch.cuda.mem_get_info,25296044032,21853569024,0.14479638009049775,256,1768,0,2,0,0,0,21699230340338,1
near,sweep-rps-1.00,0.8495840132846645,13,15.301606194,208,13.593344212554632,3442475008,torch.cuda.mem_get_info,25296044032,21853569024,0.14479638009049775,256,1768,0,2,0,0,0,21699481165400,1
near,sweep-rps-1.00,0.8358998487218546,13,15.552102348,210,13.502997556276114,3442475008,torch.cuda.mem_get_info,25296044032,21853569024,0.2171945701357466,384,1768,0,3,0,0,0,21699731661554,0
near,sweep-rps-1.00,0.8226553443252348,13,15.802486533,210,13.289047869869178,3442475008,torch.cuda.mem_get_info,25296044032,21853569024,0.2171945701357466,384,1768,0,3,0,0,0,21699982045739,0
near,sweep-rps-1.00,0.8098076627302819,13,16.053194602,232,14.451952134878878,3442475008,torch.cuda.mem_get_info,25296044032,21853569024,0.291289592760181,515,1768,0,4,0,0,0,21700232753808,0
near,sweep-rps-1.00,0.797359267207481,13,16.303817532,232,14.229796153241198,3442475008,torch.cuda.mem_get_info,25296044032,21853569024,0.291289592760181,515,1768,0,4,0,0,0,21700483376738,0
near,sweep-rps-1.00,0.7852602249619122,13,16.555021618,233,14.074279416625041,3442475008,torch.cuda.mem_get_info,25296044032,21853569024,0.2918552036199095,516,1768,0,4,0,0,0,21700734580824,0
near,sweep-rps-1.00,0.9520539130779794,16,16.805770955,266,15.827896304921406,3442475008,torch.cuda.mem_get_info,25296044032,21853569024,0.07296380090497738,129,1768,0,1,0,0,0,21700985330161,0
near,sweep-rps-1.00,0.9966466770794288,17,17.057198294,272,15.94634683327086,3442475008,torch.cuda.mem_get_info,25296044032,21853569024,0.07239819004524888,128,1768,0,1,0,0,0,21701236757500,0
near,sweep-rps-1.00,0.982211724531022,17,17.307877289,272,15.715387592496352,3442475008,torch.cuda.mem_get_info,25296044032,21853569024,0.07239819004524888,128,1768,0,1,0,0,0,21701487436495,0
near,sweep-rps-1.00,0.968161473855557,17,17.559054413,274,15.604484931554271,3442475008,torch.cuda.mem_get_info,25296044032,21853569024,0.07296380090497738,129,1768,0,1,0,0,0,21701738613619,0
near,sweep-rps-1.00,0.9545502569311859,17,17.809434209,285,16.002754307375763,3442475008,torch.cuda.mem_get_info,25296044032,21853569024,0.07296380090497738,129,1768,0,1,0,0,0,21701988993415,0
near,sweep-rps-1.00,0.9966375011556075,18,18.060729181,288,15.94620001848972,3442475008,torch.cuda.mem_get_info,25296044032,21853569024,0.07239819004524888,128,1768,0,1,0,0,0,21702240288387,0
near,sweep-rps-1.00,0.982958454355458,18,18.312065907,288,15.727335269687329,3442475008,torch.cuda.mem_get_info,25296044032,21853569024,0.07239819004524888,128,1768,0,1,0,0,0,21702491625113,0
near,sweep-rps-1.00,0.9696662347380902,18,18.563088365,290,15.62240044855812,3442475008,torch.cuda.mem_get_info,25296044032,21853569024,0.07296380090497738,129,1768,0,1,0,0,0,21702742647571,0
near,sweep-rps-1.00,0.956745920622292,18,18.813772405,301,15.99891789485055,3442475008,torch.cuda.mem_get_info,25296044032,21853569024,0.07296380090497738,129,1768,0,1,0,0,0,21702993331611,0
near,sweep-rps-1.00,0.9965852632230822,19,19.065102306,304,15.945364211569315,3442475008,torch.cuda.mem_get_info,25296044032,21853569024,0.07239819004524888,128,1768,0,1,0,0,0,21703244661512,0
near,sweep-rps-1.00,0.9836336805453579,19,19.31613402,304,15.738138888725727,3442475008,torch.cuda.mem_get_info,25296044032,21853569024,0.07239819004524888,128,1768,0,1,0,0,0,21703495693226,0
near,sweep-rps-1.00,0.9710517403473912,19,19.566413622,307,15.690151804560477,3442475008,torch.cuda.mem_get_info,25296044032,21853569024,0.07296380090497738,129,1768,0,1,0,0,0,21703745972828,0
near,sweep-rps-1.00,0.9587662713014254,19,19.817134341,317,15.996258315923782,3442475008,torch.cuda.mem_get_info,25296044032,21853569024,0.07296380090497738,129,1768,0,1,0,0,0,21703996693547,0
near,sweep-rps-1.00,1.006699791472306,20,19.86689594,320,16.107196663556895,3442475008,torch.cuda.mem_get_info,25296044032,21853569024,0.07296380090497738,129,1768,0,1,0,0,0,21704046455146,0
above,sweep-rps-1.25,0.0,0,0.00090594,0,0.0,4683988992,torch.cuda.mem_get_info,25296044032,20612055040,0.0,0,1768,0,0,0,0,0,21925482985080,0
above,sweep-rps-1.25,0.0,0,0.251549738,0,0.0,4683988992,torch.cuda.mem_get_info,25296044032,20612055040,0.0,0,1768,0,0,0,0,0,21925733628878,0
above,sweep-rps-1.25,0.0,0,0.502481177,0,0.0,4683988992,torch.cuda.mem_get_info,25296044032,20612055040,0.0,0,1768,0,0,0,0,0,21925984560317,0
above,sweep-rps-1.25,0.0,0,0.753144039,0,0.0,4683988992,torch.cuda.mem_get_info,25296044032,20612055040,0.0,0,1768,0,0,0,0,0,21926235223179,0
above,sweep-rps-1.25,0.0,0,1.003484167,0,0.0,4683988992,torch.cuda.mem_get_info,25296044032,20612055040,0.0,0,1768,0,0,0,0,0,21926485563307,0
above,sweep-rps-1.25,0.0,0,1.254070475,0,0.0,4683988992,torch.cuda.mem_get_info,25296044032,20612055040,0.0,0,1768,0,0,0,0,0,21926736149615,0
above,sweep-rps-1.25,0.0,0,1.505251614,0,0.0,4683988992,torch.cuda.mem_get_info,25296044032,20612055040,0.0,0,1768,0,0,0,0,0,21926987330754,0
above,sweep-rps-1.25,0.0,0,1.756255074,0,0.0,4683988992,torch.cuda.mem_get_info,25296044032,20612055040,0.0,0,1768,0,0,0,0,0,21927238334214,0
above,sweep-rps-1.25,0.0,0,2.007602146,0,0.0,4683988992,torch.cuda.mem_get_info,25296044032,20612055040,0.0,0,1768,0,0,0,0,0,21927489681286,0
above,sweep-rps-1.25,0.0,0,2.258029987,0,0.0,4683988992,torch.cuda.mem_get_info,25296044032,20612055040,0.0,0,1768,0,0,0,0,0,21927740109127,0
above,sweep-rps-1.25,0.0,0,2.509327912,0,0.0,4683988992,torch.cuda.mem_get_info,25296044032,20612055040,0.0,0,1768,0,0,0,0,0,21927991407052,0
above,sweep-rps-1.25,0.0,0,2.76063894,0,0.0,4683988992,torch.cuda.mem_get_info,25296044032,20612055040,0.0,0,1768,0,0,0,0,0,21928242718080,0
above,sweep-rps-1.25,0.0,0,3.0111626,0,0.0,4683988992,torch.cuda.mem_get_info,25296044032,20612055040,0.0,0,1768,0,0,0,0,0,21928493241740,0
above,sweep-rps-1.25,0.0,0,3.261836328,0,0.0,4683988992,torch.cuda.mem_get_info,25296044032,20612055040,0.0,0,1768,0,0,0,0,0,21928743915468,0
above,sweep-rps-1.25,0.0,0,3.512291826,0,0.0,4683988992,torch.cuda.mem_get_info,25296044032,20612055040,0.0,0,1768,0,0,0,0,0,21928994370966,0
above,sweep-rps-1.25,0.0,0,3.762894891,0,0.0,4683988992,torch.cuda.mem_get_info,25296044032,20612055040,0.0,0,1768,0,0,0,0,0,21929244974031,0
above,sweep-rps-1.25,0.0,0,4.014075732,0,0.0,4683988992,torch.cuda.mem_get_info,25296044032,20612055040,0.0,0,1768,0,0,0,0,0,21929496154872,0
above,sweep-rps-1.25,0.0,0,4.264627612,0,0.0,4683988992,torch.cuda.mem_get_info,25296044032,20612055040,0.0,0,1768,0,0,0,0,0,21929746706752,0
above,sweep-rps-1.25,0.0,0,4.515561661,0,0.0,4683988992,torch.cuda.mem_get_info,25296044032,20612055040,0.0,0,1768,0,0,0,0,0,21929997640801,0
above,sweep-rps-1.25,0.0,0,4.76665602,0,0.0,4683988992,torch.cuda.mem_get_info,25296044032,20612055040,0.0,0,1768,0,0,0,0,0,21930248735160,0
above,sweep-rps-1.25,0.0,0,5.017641968,0,0.0,4683988992,torch.cuda.mem_get_info,25296044032,20612055040,0.0,0,1768,0,0,0,0,0,21930499721108,0
above,sweep-rps-1.25,0.0,0,5.268735279,0,0.0,4683988992,torch.cuda.mem_get_info,25296044032,20612055040,0.0,0,1768,0,0,0,0,0,21930750814419,0
above,sweep-rps-1.25,0.0,0,5.51937788,0,0.0,4683988992,torch.cuda.mem_get_info,25296044032,20612055040,0.0,0,1768,0,0,0,0,0,21931001457020,0
above,sweep-rps-1.25,0.0,0,5.770674583,0,0.0,4683988992,torch.cuda.mem_get_info,25296044032,20612055040,0.0,0,1768,0,0,0,0,0,21931252753723,0
above,sweep-rps-1.25,0.0,0,6.02153387,0,0.0,4683988992,torch.cuda.mem_get_info,25296044032,20612055040,0.0,0,1768,0,0,0,0,0,21931503613010,0
above,sweep-rps-1.25,0.0,0,6.27436304,0,0.0,4683988992,torch.cuda.mem_get_info,25296044032,20612055040,0.0,0,1768,0,0,0,0,0,21931756442180,0
above,sweep-rps-1.25,0.0,0,6.525113746,0,0.0,4683988992,torch.cuda.mem_get_info,25296044032,20612055040,0.0,0,1768,0,0,0,0,0,21932007192886,0
above,sweep-rps-1.25,0.0,0,6.776191075,0,0.0,4683988992,torch.cuda.mem_get_info,25296044032,20612055040,0.0,0,1768,0,0,0,0,0,21932258270215,0
above,sweep-rps-1.25,0.0,0,7.026648101,0,0.0,4683988992,torch.cuda.mem_get_info,25296044032,20612055040,0.0,0,1768,0,0,0,0,0,21932508727241,0
above,sweep-rps-1.25,0.0,0,7.27794068,0,0.0,4683988992,torch.cuda.mem_get_info,25296044032,20612055040,0.0,0,1768,0,0,0,0,0,21932760019820,0
above,sweep-rps-1.25,0.0,0,7.529363171,0,0.0,4683988992,torch.cuda.mem_get_info,25296044032,20612055040,0.0,0,1768,0,0,0,0,0,21933011442311,0
above,sweep-rps-1.25,0.0,0,7.779821595,0,0.0,4683988992,torch.cuda.mem_get_info,25296044032,20612055040,0.07239819004524888,128,1768,0,1,0,0,0,21933261900735,0
above,sweep-rps-1.25,0.0,0,8.040946913,0,0.0,4675600384,torch.cuda.mem_get_info,25296044032,20620443648,0.07239819004524888,128,1768,0,1,0,0,0,21933523026053,10
above,sweep-rps-1.25,0.0,0,8.292084431,0,0.0,4675600384,torch.cuda.mem_get_info,25296044032,20620443648,0.07239819004524888,128,1768,0,1,0,0,0,21933774163571,10
above,sweep-rps-1.25,0.0,0,8.54317558,1,0.11705249302625242,2997878784,torch.cuda.mem_get_info,25296044032,22298165248,0.7963800904977375,1408,1768,0,11,0,0,0,21934025254720,0
above,sweep-rps-1.25,0.0,0,8.79362511,1,0.11371874369113286,2997878784,torch.cuda.mem_get_info,25296044032,22298165248,0.7963800904977375,1408,1768,0,11,0,0,0,21934275704250,0
above,sweep-rps-1.25,0.0,0,9.044585524,1,0.11056338594471563,2997878784,torch.cuda.mem_get_info,25296044032,22298165248,0.7963800904977375,1408,1768,0,11,0,0,0,21934526664664,1
above,sweep-rps-1.25,0.0,0,9.295868335,1,0.10757467338848663,2997878784,torch.cuda.mem_get_info,25296044032,22298165248,0.7963800904977375,1408,1768,0,11,0,0,0,21934777947475,1
above,sweep-rps-1.25,0.0,0,9.546872893,1,0.10474634062984377,2997878784,torch.cuda.mem_get_info,25296044032,22298165248,0.7963800904977375,1408,1768,0,11,0,0,0,21935028952033,1
above,sweep-rps-1.25,0.0,0,9.797960175,1,0.10206206007568305,2997878784,torch.cuda.mem_get_info,25296044032,22298165248,0.7963800904977375,1408,1768,0,11,0,0,0,21935280039315,2
above,sweep-rps-1.25,0.0,0,10.049168853,1,0.0995107172173217,2997878784,torch.cuda.mem_get_info,25296044032,22298165248,0.7963800904977375,1408,1768,0,11,0,0,0,21935531247993,2
above,sweep-rps-1.25,0.0,0,10.300431024,1,0.09708331599619477,2997878784,torch.cuda.mem_get_info,25296044032,22298165248,0.7963800904977375,1408,1768,0,11,0,0,0,21935782510164,2
above,sweep-rps-1.25,0.0,0,10.550896237,1,0.09477867827883558,2997878784,torch.cuda.mem_get_info,25296044032,22298165248,0.7963800904977375,1408,1768,0,11,0,0,0,21936032975377,3
above,sweep-rps-1.25,0.0,0,10.801531759,1,0.09257946209034519,2997878784,torch.cuda.mem_get_info,25296044032,22298165248,0.7963800904977375,1408,1768,0,11,0,0,0,21936283610899,3
above,sweep-rps-1.25,0.0,0,11.052503555,1,0.09047723848481495,2997878784,torch.cuda.mem_get_info,25296044032,22298165248,0.7963800904977375,1408,1768,0,11,0,0,0,21936534582695,3
above,sweep-rps-1.25,0.0,0,11.303072402,1,0.08847152034725152,2997878784,torch.cuda.mem_get_info,25296044032,22298165248,0.7963800904977375,1408,1768,0,11,0,0,0,21936785151542,4
above,sweep-rps-1.25,0.0,0,11.553499967,1,0.08655385838544834,2997878784,torch.cuda.mem_get_info,25296044032,22298165248,0.7963800904977375,1408,1768,0,11,0,0,0,21937035579107,4
above,sweep-rps-1.25,0.0,0,11.804374428,1,0.08471435789329065,2997878784,torch.cuda.mem_get_info,25296044032,22298165248,0.7963800904977375,1408,1768,0,11,0,0,0,21937286453568,4
above,sweep-rps-1.25,0.0,0,12.055228008,1,0.08295156253671747,2997878784,torch.cuda.mem_get_info,25296044032,22298165248,0.7963800904977375,1408,1768,0,11,0,0,0,21937537307148,5
above,sweep-rps-1.25,0.0,0,12.306183666,1,0.08125996061336535,2997878784,torch.cuda.mem_get_info,25296044032,22298165248,0.7963800904977375,1408,1768,0,11,0,0,0,21937788262806,5
above,sweep-rps-1.25,0.0,0,12.556624894,1,0.07963923494105772,2997878784,torch.cuda.mem_get_info,25296044032,22298165248,0.7963800904977375,1408,1768,0,11,0,0,0,21938038704034,5
above,sweep-rps-1.25,0.0,0,12.807313484,1,0.07808038752618074,2997878784,torch.cuda.mem_get_info,25296044032,22298165248,0.7963800904977375,1408,1768,0,11,0,0,0,21938289392624,5
above,sweep-rps-1.25,0.0,0,13.05774604,11,0.8424118501235609,2995781632,torch.cuda.mem_get_info,25296044032,22300262400,0.9411764705882353,1664,1768,0,13,0,0,0,21938539825180,4
above,sweep-rps-1.25,0.0,0,13.308746779,11,0.8265241034833577,2995781632,torch.cuda.mem_get_info,25296044032,22300262400,0.9411764705882353,1664,1768,0,13,0,0,0,21938790825919,4
above,sweep-rps-1.25,0.0,0,13.559192841,11,0.8112577296443807,2995781632,torch.cuda.mem_get_info,25296044032,22300262400,0.9411764705882353,1664,1768,0,13,0,0,0,21939041271981,4
above,sweep-rps-1.25,0.0,0,13.810114054,11,0.7965176795056178,2995781632,torch.cuda.mem_get_info,25296044032,22300262400,0.9411764705882353,1664,1768,0,13,0,0,0,21939292193194,5
above,sweep-rps-1.25,0.0,0,14.06131621,13,0.9245222713045012,2972712960,torch.cuda.mem_get_info,25296044032,22323331072,0.9485294117647058,1677,1768,0,13,0,0,0,21939543395350,5
above,sweep-rps-1.25,0.0,0,14.312645146,104,7.266301856793062,2972712960,torch.cuda.mem_get_info,25296044032,22323331072,0.9485294117647058,1677,1768,0,13,0,0,0,21939794724286,5
above,sweep-rps-1.25,0.8926143521212015,13,14.563960314,208,14.281829633939225,2972712960,torch.cuda.mem_get_info,25296044032,22323331072,0.0,0,1768,0,0,0,0,0,21940046039454,6
above,sweep-rps-1.25,0.8775249284056758,13,14.814393961,208,14.040398854490812,2972712960,torch.cuda.mem_get_info,25296044032,22323331072,0.4343891402714932,768,1768,0,6,0,0,0,21940296473101,0
above,sweep-rps-1.25,0.8628930325977279,13,15.065598526,208,13.806288521563646,2972712960,torch.cuda.mem_get_info,25296044032,22323331072,0.4343891402714932,768,1768,0,6,0,0,0,21940547677666,0
above,sweep-rps-1.25,0.8487461796256549,13,15.316711064,208,13.579938874010479,2972712960,torch.cuda.mem_get_info,25296044032,22323331072,0.4343891402714932,768,1768,0,6,0,0,0,21940798790204,1
above,sweep-rps-1.25,0.8350684190094213,13,15.567586684,208,13.36109470415074,2972712960,torch.cuda.mem_get_info,25296044032,22323331072,0.4343891402714932,768,1768,0,6,0,0,0,21941049665824,1
above,sweep-rps-1.25,0.8218317138389544,13,15.818323607,208,13.14930742142327,2972712960,torch.cuda.mem_get_info,25296044032,22323331072,0.4343891402714932,768,1768,0,6,0,0,0,21941300402747,1
above,sweep-rps-1.25,0.8089822825711912,13,16.069573191,208,12.94371652113906,2972712960,torch.cuda.mem_get_info,25296044032,22323331072,0.4343891402714932,768,1768,0,6,0,0,0,21941551652331,1
above,sweep-rps-1.25,0.7965563837155657,13,16.320250852,208,12.744902139449051,2972712960,torch.cuda.mem_get_info,25296044032,22323331072,0.4343891402714932,768,1768,0,6,0,0,0,21941802329992,1
above,sweep-rps-1.25,0.7844955020670685,13,16.571159383,208,12.551928033073096,2972712960,torch.cuda.mem_get_info,25296044032,22323331072,0.4343891402714932,768,1768,0,6,0,0,0,21942053238523,1
above,sweep-rps-1.25,0.7728141036393864,13,16.821639174,208,12.365025658230183,2972712960,torch.cuda.mem_get_info,25296044032,22323331072,0.4343891402714932,768,1768,0,6,0,0,0,21942303718314,1
above,sweep-rps-1.25,0.7614797964649298,13,17.072022213,208,12.183676743438877,2972712960,torch.cuda.mem_get_info,25296044032,22323331072,0.4343891402714932,768,1768,0,6,0,0,0,21942554101353,1
above,sweep-rps-1.25,0.7504331123409049,13,17.323329403,208,12.006929797454479,2972712960,torch.cuda.mem_get_info,25296044032,22323331072,0.4343891402714932,768,1768,0,6,0,0,0,21942805408543,1
above,sweep-rps-1.25,0.7397239706278878,13,17.574122938,214,12.176994593412923,2972712960,torch.cuda.mem_get_info,25296044032,22323331072,0.5067873303167421,896,1768,0,7,0,0,0,21943056202078,0
above,sweep-rps-1.25,0.7293031048726832,13,17.825236055,214,12.005451110981094,2972712960,torch.cuda.mem_get_info,25296044032,22323331072,0.5067873303167421,896,1768,0,7,0,0,0,21943307315195,0
above,sweep-rps-1.25,0.7191814116606929,13,18.076106792,250,13.830411762705634,2972712960,torch.cuda.mem_get_info,25296044032,22323331072,0.5107466063348416,903,1768,0,7,0,0,0,21943558185932,0
above,sweep-rps-1.25,0.709330971040907,13,18.327128704,313,17.07850722583107,2972712960,torch.cuda.mem_get_info,25296044032,22323331072,0.5107466063348416,903,1768,0,7,0,0,0,21943809207844,0
above,sweep-rps-1.25,1.0896681904639853,20,18.354211103,320,17.434691047423765,2972712960,torch.cuda.mem_get_info,25296044032,22323331072,0.5107466063348416,903,1768,0,7,0,0,0,21943836290243,0
