matrix,out_features,in_features,activation_rows,backend,finite,relative_l2_error,max_abs_error,cosine_similarity,latency_median_ms,latency_p95_ms,peak_delta_bytes,output_bytes,unexplained_temporary_bytes
q_or_o_projection,4096,4096,1,awq_marlin,True,0.12611442804336548,0.84375,0.9921121597290039,0.05222399905323982,0.05729280058294536,1351680,8192,1343488
q_or_o_projection,4096,4096,1,fp16,True,0.0,0.0,1.0000001192092896,0.06809600070118904,0.07731200344860555,8192,8192,0
q_or_o_projection,4096,4096,1,nf4_bitsandbytes,True,0.10755375772714615,0.6796875,0.9942091703414917,0.06348799914121628,0.0670208003371954,8192,8192,0
q_or_o_projection,4096,4096,1024,awq_marlin,True,0.123651422560215,2.2705078125,0.9924222230911255,0.567296028137207,0.5756927728652954,13762560,8388608,5373952
q_or_o_projection,4096,4096,1024,fp16,True,0.0,0.0,1.0,0.6625279784202576,0.6668288081884385,8388608,8388608,0
q_or_o_projection,4096,4096,1024,nf4_bitsandbytes,True,0.09635354578495026,1.0859375,0.9953615665435791,0.6901760101318359,0.7077376216650009,41943040,8388608,33554432
q_or_o_projection,4096,4096,128,awq_marlin,True,0.1255747228860855,2.103515625,0.9921855330467224,0.11315200105309486,0.11601920165121556,6422528,1048576,5373952
q_or_o_projection,4096,4096,128,fp16,True,0.0,0.0,0.9999999403953552,0.10444799810647964,0.1078783992677927,1048576,1048576,0
q_or_o_projection,4096,4096,128,nf4_bitsandbytes,True,0.09784813225269318,0.7862548828125,0.9952167272567749,0.20787200331687927,0.2170879989862442,34603008,1048576,33554432
q_or_o_projection,4096,4096,16,awq_marlin,True,0.11789269000291824,1.59375,0.9931184649467468,0.051711998879909515,0.055296000093221664,1474560,131072,1343488
q_or_o_projection,4096,4096,16,fp16,True,0.0,0.0,1.000000238418579,0.06758400052785873,0.07173120193183422,131072,131072,0
q_or_o_projection,4096,4096,16,nf4_bitsandbytes,True,0.0919758528470993,0.71484375,0.9957724809646606,0.173055998980999,0.18355199545621873,33685504,131072,33554432
k_or_v_projection,1024,4096,1,awq_marlin,True,0.1233668327331543,1.251434326171875,0.9926496148109436,0.060416001826524734,0.06901760101318359,2099200,2048,2097152
k_or_v_projection,1024,4096,1,fp16,True,0.0,0.0,1.0,0.03379200026392937,0.0390143983066082,2048,2048,0
k_or_v_projection,1024,4096,1,nf4_bitsandbytes,True,0.09893069416284561,0.689453125,0.9951131939888,0.05734400078654289,0.064665599539876,2048,2048,0
k_or_v_projection,1024,4096,1024,awq_marlin,True,0.12926356494426727,2.236328125,0.9917306303977966,0.1884160041809082,0.20643839985132226,7471104,2097152,5373952
k_or_v_projection,1024,4096,1024,fp16,True,0.0,0.0,1.0000001192092896,0.18534399569034576,0.1929728053510189,2097152,2097152,0
k_or_v_projection,1024,4096,1024,nf4_bitsandbytes,True,0.09598518162965775,1.078125,0.9953960180282593,0.29132799804210663,0.30950400084257124,10485760,2097152,8388608
k_or_v_projection,1024,4096,128,awq_marlin,True,0.12801401317119598,1.619140625,0.9918956756591797,0.08908800035715103,0.09625600278377533,5636096,262144,5373952
k_or_v_projection,1024,4096,128,fp16,True,0.0,0.0,1.0,0.04608000069856644,0.04930560160428286,262144,262144,0
k_or_v_projection,1024,4096,128,nf4_bitsandbytes,True,0.09606844931840897,1.031005859375,0.9953889846801758,0.15769599378108978,0.17105920538306238,8650752,262144,8388608
k_or_v_projection,1024,4096,16,awq_marlin,True,0.12537318468093872,1.287109375,0.992260217666626,0.058368001133203506,0.061951998621225364,2129920,32768,2097152
k_or_v_projection,1024,4096,16,fp16,True,0.0,0.0,0.9999999403953552,0.04505600035190582,0.05032959841191769,32768,32768,0
k_or_v_projection,1024,4096,16,nf4_bitsandbytes,True,0.09443692862987518,0.82464599609375,0.9955377578735352,0.14847999811172485,0.15805439427495005,8421376,32768,8388608
up_or_gate_projection,14336,4096,1,awq_marlin,True,0.10255899280309677,0.3310546875,0.9947779774665833,0.07168000191450119,0.09036800079047681,1372160,28672,1343488
up_or_gate_projection,14336,4096,1,fp16,True,0.0,0.0,1.0,0.17971199750900269,0.18964479714632035,28672,28672,0
up_or_gate_projection,14336,4096,1,nf4_bitsandbytes,True,0.09235894680023193,0.29296875,0.9957394003868103,0.14950400590896606,0.15380480661988258,28672,28672,0
up_or_gate_projection,14336,4096,1024,awq_marlin,True,0.10327593982219696,0.507568359375,0.9947091341018677,1.9865599870681763,1.9928064346313477,34734080,29360128,5373952
up_or_gate_projection,14336,4096,1024,fp16,True,0.0,0.0,1.0,2.0244479179382324,2.0406784296035765,29360128,29360128,0
up_or_gate_projection,14336,4096,1024,nf4_bitsandbytes,True,0.09281132370233536,0.36248779296875,0.9956927299499512,2.124287962913513,2.139340877532959,146800640,29360128,117440512
up_or_gate_projection,14336,4096,128,awq_marlin,True,0.10311213880777359,0.4249267578125,0.994725227355957,0.274944007396698,0.28999680131673816,9043968,3670016,5373952
up_or_gate_projection,14336,4096,128,fp16,True,0.0,0.0,0.9999999403953552,0.3609600067138672,0.3692544057965279,3670016,3670016,0
up_or_gate_projection,14336,4096,128,nf4_bitsandbytes,True,0.09279816597700119,0.322509765625,0.995694100856781,0.5847039818763733,0.6021631956100464,121110528,3670016,117440512
up_or_gate_projection,14336,4096,16,awq_marlin,True,0.10313355922698975,0.35986328125,0.994722843170166,0.07372800260782242,0.0798719968646765,1802240,458752,1343488
up_or_gate_projection,14336,4096,16,fp16,True,0.0,0.0,1.0,0.1730560064315796,0.19199999794363976,458752,458752,0
up_or_gate_projection,14336,4096,16,nf4_bitsandbytes,True,0.09265988320112228,0.3253173828125,0.99570631980896,0.48947200179100037,0.5116928070783615,117899264,458752,117440512
down_projection,4096,14336,1,awq_marlin,True,0.10477941483259201,1.2529296875,0.9945502281188965,0.06963200122117996,0.08232959806919098,1351680,8192,1343488
down_projection,4096,14336,1,fp16,True,0.0,0.0,0.9999999403953552,0.1730560064315796,0.18749439641833307,8192,8192,0
down_projection,4096,14336,1,nf4_bitsandbytes,True,0.09377975761890411,0.66455078125,0.9955970048904419,0.10649599879980087,0.12211199663579464,8192,8192,0
down_projection,4096,14336,1024,awq_marlin,True,0.10439924895763397,2.8270263671875,0.9945936799049377,2.041856050491333,2.066431999206543,13762560,8388608,5373952
down_projection,4096,14336,1024,fp16,True,0.0,0.0,1.0000001192092896,1.8421759605407715,1.8491392076015474,8388608,8388608,0
down_projection,4096,14336,1024,nf4_bitsandbytes,True,0.09385614097118378,0.77685546875,0.9955956339836121,2.0915199518203735,2.123366355895996,125829120,8388608,117440512
down_projection,4096,14336,128,awq_marlin,True,0.10458336025476456,2.24945068359375,0.9945739507675171,0.2734079957008362,0.28062719106674194,6422528,1048576,5373952
down_projection,4096,14336,128,fp16,True,0.0,0.0,1.0,0.3031040132045746,0.31057920753955837,1048576,1048576,0
down_projection,4096,14336,128,nf4_bitsandbytes,True,0.0937783271074295,0.741455078125,0.9956034421920776,0.5340160131454468,0.5437440276145935,118489088,1048576,117440512
down_projection,4096,14336,16,awq_marlin,True,0.10530062019824982,2.69384765625,0.9945068359375,0.0727040022611618,0.07807999663054943,1474560,131072,1343488
down_projection,4096,14336,16,fp16,True,0.0,0.0,1.0000001192092896,0.1669120043516159,0.17623040005564689,131072,131072,0
down_projection,4096,14336,16,nf4_bitsandbytes,True,0.09384096413850784,0.5927734375,0.9955984950065613,0.4044799953699112,0.42117118686437605,117571584,131072,117440512
fused_up_gate_feasibility,28672,4096,1,awq_marlin,True,0.10330419987440109,0.548583984375,0.9947007894515991,0.10495999827980995,0.10864639952778817,1400832,57344,1343488
fused_up_gate_feasibility,28672,4096,1,fp16,True,0.0,0.0,0.9999999403953552,0.31487999856472015,0.32573440521955493,57344,57344,0
fused_up_gate_feasibility,28672,4096,1,nf4_bitsandbytes,True,0.09363031387329102,0.3887939453125,0.9956158995628357,0.1515520066022873,0.15697920098900794,57344,57344,0
fused_up_gate_feasibility,28672,4096,1024,awq_marlin,True,0.10385195910930634,1.4765625,0.9946503043174744,4.066303968429565,4.137011218070984,64094208,58720256,5373952
fused_up_gate_feasibility,28672,4096,1024,fp16,True,0.0,0.0,1.0,4.063744068145752,4.098355388641357,58720256,58720256,0
fused_up_gate_feasibility,28672,4096,1024,nf4_bitsandbytes,True,0.09333515167236328,0.5078125,0.9956442713737488,4.22707200050354,4.256563186645508,293601280,58720256,234881024
fused_up_gate_feasibility,28672,4096,128,awq_marlin,True,0.10388080030679703,1.2138671875,0.9946474432945251,0.477183997631073,0.47851520478725434,12713984,7340032,5373952
fused_up_gate_feasibility,28672,4096,128,fp16,True,0.0,0.0,1.0,0.48076799511909485,0.4875775873661041,7340032,7340032,0
fused_up_gate_feasibility,28672,4096,128,nf4_bitsandbytes,True,0.09339942783117294,0.448486328125,0.9956376552581787,0.886784017086029,0.8941568106412888,242221056,7340032,234881024
fused_up_gate_feasibility,28672,4096,16,awq_marlin,True,0.10331025719642639,0.7843017578125,0.9947033524513245,0.10905599966645241,0.11269120089709758,2260992,917504,1343488
fused_up_gate_feasibility,28672,4096,16,fp16,True,0.0,0.0,0.9999999403953552,0.3456000089645386,0.3567104011774063,917504,917504,0
fused_up_gate_feasibility,28672,4096,16,nf4_bitsandbytes,True,0.09285794943571091,0.35205078125,0.9956886768341064,0.7454720139503479,0.7508479923009873,235798528,917504,234881024
