run_id,repeat,restore_index,phase_index,benchmark_request_id,actual_arrival_offset_s,prefill_precision_state,fp16_output_step_count,awq_output_step_count,status,engine_request_id_stable,input_positions_contiguous,executed_fp16
v10-heldout_one_cycle-closed_loop_dynamic-rep0,0,0,2,v10-heldout_one_cycle-p2-v10-low-c0013,205.187833154,FP16,512,0,completed,True,True,True
v10-heldout_one_cycle-closed_loop_dynamic-rep0,0,0,2,v10-heldout_one_cycle-p2-v10-low-c0014,205.187918626,FP16,512,0,completed,True,True,True
v10-heldout_one_cycle-closed_loop_dynamic-rep0,0,0,2,v10-heldout_one_cycle-p2-v10-low-c0015,205.187995501,FP16,512,0,completed,True,True,True
v10-heldout_one_cycle-closed_loop_dynamic-rep0,0,0,2,v10-heldout_one_cycle-p2-v10-low-c0016,205.188038723,FP16,512,0,completed,True,True,True
v10-heldout_one_cycle-closed_loop_dynamic-rep0,0,0,2,v10-heldout_one_cycle-p2-v10-low-c0017,205.188076514,FP16,512,0,completed,True,True,True
v10-heldout_one_cycle-closed_loop_dynamic-rep0,0,0,2,v10-heldout_one_cycle-p2-v10-low-c0018,205.188118035,FP16,512,0,completed,True,True,True
v10-heldout_one_cycle-closed_loop_dynamic-rep0,0,0,2,v10-heldout_one_cycle-p2-v10-low-c0019,205.188151606,FP16,512,0,completed,True,True,True
v10-heldout_one_cycle-closed_loop_dynamic-rep0,0,0,2,v10-heldout_one_cycle-p2-v10-low-c0020,205.18818577,FP16,512,0,completed,True,True,True
v10-heldout_one_cycle-closed_loop_dynamic-rep0,0,0,2,v10-heldout_one_cycle-p2-v10-low-c0021,215.265758197,FP16,512,0,completed,True,True,True
v10-heldout_one_cycle-closed_loop_dynamic-rep0,0,0,2,v10-heldout_one_cycle-p2-v10-low-c0022,215.26581782,FP16,512,0,completed,True,True,True
v10-heldout_one_cycle-closed_loop_dynamic-rep0,0,0,2,v10-heldout_one_cycle-p2-v10-low-c0023,215.265850387,FP16,512,0,completed,True,True,True
v10-heldout_one_cycle-closed_loop_dynamic-rep0,0,0,2,v10-heldout_one_cycle-p2-v10-low-c0024,215.265882194,FP16,512,0,completed,True,True,True
v10-heldout_one_cycle-closed_loop_dynamic-rep0,0,0,2,v10-heldout_one_cycle-p2-v10-low-c0025,215.265908024,FP16,512,0,completed,True,True,True
v10-heldout_one_cycle-closed_loop_dynamic-rep0,0,0,2,v10-heldout_one_cycle-p2-v10-low-c0026,215.265932666,FP16,512,0,completed,True,True,True
v10-heldout_one_cycle-closed_loop_dynamic-rep0,0,0,2,v10-heldout_one_cycle-p2-v10-low-c0027,215.265967047,FP16,512,0,completed,True,True,True
v10-heldout_one_cycle-closed_loop_dynamic-rep0,0,0,2,v10-heldout_one_cycle-p2-v10-low-c0028,215.265991914,FP16,512,0,completed,True,True,True
v10-heldout_one_cycle-closed_loop_dynamic-rep0,0,0,2,v10-heldout_one_cycle-p2-v10-low-c0029,215.266016871,FP16,512,0,completed,True,True,True
v10-heldout_one_cycle-closed_loop_dynamic-rep0,0,0,2,v10-heldout_one_cycle-p2-v10-low-c0030,225.313372347,FP16,512,0,completed,True,True,True
v10-heldout_one_cycle-closed_loop_dynamic-rep0,0,0,2,v10-heldout_one_cycle-p2-v10-low-c0031,235.376180005,FP16,512,0,completed,True,True,True
v10-heldout_one_cycle-closed_loop_dynamic-rep0,0,0,2,v10-heldout_one_cycle-p2-v10-low-c0032,235.376252126,FP16,512,0,completed,True,True,True
v10-heldout_one_cycle-closed_loop_dynamic-rep0,0,0,2,v10-heldout_one_cycle-p2-v10-low-c0033,235.376296878,FP16,512,0,completed,True,True,True
v10-heldout_one_cycle-closed_loop_dynamic-rep0,0,0,2,v10-heldout_one_cycle-p2-v10-low-c0034,235.376332072,FP16,512,0,completed,True,True,True
v10-heldout_one_cycle-closed_loop_dynamic-rep0,0,0,2,v10-heldout_one_cycle-p2-v10-low-c0035,235.376368446,FP16,512,0,completed,True,True,True
v10-heldout_one_cycle-closed_loop_dynamic-rep0,0,0,2,v10-heldout_one_cycle-p2-v10-low-c0036,235.376402487,FP16,512,0,completed,True,True,True
v10-heldout_one_cycle-closed_loop_dynamic-rep0,0,0,2,v10-heldout_one_cycle-p2-v10-low-c0037,235.37643671,FP16,512,0,completed,True,True,True
v10-heldout_one_cycle-closed_loop_dynamic-rep0,0,0,2,v10-heldout_one_cycle-p2-v10-low-c0038,235.37647686,FP16,512,0,completed,True,True,True
v10-heldout_one_cycle-closed_loop_dynamic-rep0,0,0,2,v10-heldout_one_cycle-p2-v10-low-c0039,235.376510308,FP16,512,0,completed,True,True,True
v10-heldout_one_cycle-closed_loop_dynamic-rep0,0,0,2,v10-heldout_one_cycle-p2-v10-low-c0040,245.438787911,FP16,512,0,completed,True,True,True
v10-heldout_one_cycle-closed_loop_dynamic-rep0,0,0,2,v10-heldout_one_cycle-p2-v10-low-c0041,245.43886629,FP16,512,0,completed,True,True,True
v10-heldout_one_cycle-closed_loop_dynamic-rep0,0,0,2,v10-heldout_one_cycle-p2-v10-low-c0042,245.438914894,FP16,512,0,completed,True,True,True
v10-heldout_one_cycle-closed_loop_dynamic-rep0,0,0,2,v10-heldout_one_cycle-p2-v10-low-c0043,245.438986895,FP16,512,0,completed,True,True,True
v10-heldout_one_cycle-closed_loop_dynamic-rep0,0,0,2,v10-heldout_one_cycle-p2-v10-low-c0044,245.439025334,FP16,512,0,completed,True,True,True
v10-heldout_one_cycle-closed_loop_dynamic-rep0,0,0,2,v10-heldout_one_cycle-p2-v10-low-c0045,245.439068684,FP16,512,0,completed,True,True,True
v10-heldout_one_cycle-closed_loop_dynamic-rep0,0,0,2,v10-heldout_one_cycle-p2-v10-low-c0046,245.439105386,FP16,512,0,completed,True,True,True
v10-heldout_one_cycle-closed_loop_dynamic-rep0,0,0,2,v10-heldout_one_cycle-p2-v10-low-c0047,255.517729764,FP16,512,0,completed,True,True,True
v10-heldout_one_cycle-closed_loop_dynamic-rep0,0,0,2,v10-heldout_one_cycle-p2-v10-low-c0048,255.51779405,FP16,512,0,completed,True,True,True
v10-heldout_one_cycle-closed_loop_dynamic-rep0,0,0,2,v10-heldout_one_cycle-p2-v10-low-c0049,255.517834688,FP16,512,0,completed,True,True,True
v10-heldout_one_cycle-closed_loop_dynamic-rep0,0,0,2,v10-heldout_one_cycle-p2-v10-low-c0050,255.517869244,FP16,512,0,completed,True,True,True
v10-heldout_one_cycle-closed_loop_dynamic-rep0,0,0,2,v10-heldout_one_cycle-p2-v10-low-c0051,255.51789684,FP16,512,0,completed,True,True,True
v10-heldout_one_cycle-closed_loop_dynamic-rep0,0,0,2,v10-heldout_one_cycle-p2-v10-low-c0052,255.517932274,FP16,512,0,completed,True,True,True
v10-heldout_one_cycle-closed_loop_dynamic-rep0,0,0,2,v10-heldout_one_cycle-p2-v10-low-c0053,255.517973644,FP16,512,0,completed,True,True,True
v10-heldout_one_cycle-closed_loop_dynamic-rep0,0,0,2,v10-heldout_one_cycle-p2-v10-low-c0054,255.518004468,FP16,512,0,completed,True,True,True
v10-heldout_one_cycle-closed_loop_dynamic-rep0,0,0,2,v10-heldout_one_cycle-p2-v10-low-c0055,265.563461742,FP16,512,0,completed,True,True,True
v10-heldout_one_cycle-closed_loop_dynamic-rep0,0,0,2,v10-heldout_one_cycle-p2-v10-low-c0056,265.563532594,FP16,512,0,completed,True,True,True
v10-heldout_one_cycle-closed_loop_dynamic-rep0,0,0,2,v10-heldout_one_cycle-p2-v10-low-c0057,265.563583786,FP16,512,0,completed,True,True,True
v10-heldout_one_cycle-closed_loop_dynamic-rep0,0,0,2,v10-heldout_one_cycle-p2-v10-low-c0058,265.563618403,FP16,512,0,completed,True,True,True
v10-heldout_one_cycle-closed_loop_dynamic-rep0,0,0,2,v10-heldout_one_cycle-p2-v10-low-c0059,265.563654232,FP16,512,0,completed,True,True,True
v10-heldout_one_cycle-closed_loop_dynamic-rep0,0,0,2,v10-heldout_one_cycle-p2-v10-low-c0060,265.563686789,FP16,512,0,completed,True,True,True
v10-heldout_one_cycle-closed_loop_dynamic-rep0,0,0,2,v10-heldout_one_cycle-p2-v10-low-c0061,265.563716064,FP16,512,0,completed,True,True,True
v10-heldout_one_cycle-closed_loop_dynamic-rep0,0,0,2,v10-heldout_one_cycle-p2-v10-low-c0062,265.563748049,FP16,512,0,completed,True,True,True
v10-heldout_one_cycle-closed_loop_dynamic-rep0,0,0,2,v10-heldout_one_cycle-p2-v10-low-c0063,265.563778131,FP16,512,0,completed,True,True,True
v10-heldout_two_cycle-closed_loop_dynamic-rep0,0,0,2,v10-heldout_two_cycle-p2-v10-low-c0013,205.188733616,FP16,512,0,completed,True,True,True
v10-heldout_two_cycle-closed_loop_dynamic-rep0,0,0,2,v10-heldout_two_cycle-p2-v10-low-c0014,205.188803438,FP16,512,0,completed,True,True,True
v10-heldout_two_cycle-closed_loop_dynamic-rep0,0,0,2,v10-heldout_two_cycle-p2-v10-low-c0015,205.188857596,FP16,512,0,completed,True,True,True
v10-heldout_two_cycle-closed_loop_dynamic-rep0,0,0,2,v10-heldout_two_cycle-p2-v10-low-c0016,205.188903119,FP16,512,0,completed,True,True,True
v10-heldout_two_cycle-closed_loop_dynamic-rep0,0,0,2,v10-heldout_two_cycle-p2-v10-low-c0017,205.188938639,FP16,512,0,completed,True,True,True
v10-heldout_two_cycle-closed_loop_dynamic-rep0,0,0,2,v10-heldout_two_cycle-p2-v10-low-c0018,205.188973458,FP16,512,0,completed,True,True,True
v10-heldout_two_cycle-closed_loop_dynamic-rep0,0,0,2,v10-heldout_two_cycle-p2-v10-low-c0019,205.189007022,FP16,512,0,completed,True,True,True
v10-heldout_two_cycle-closed_loop_dynamic-rep0,0,0,2,v10-heldout_two_cycle-p2-v10-low-c0020,205.189039883,FP16,512,0,completed,True,True,True
v10-heldout_two_cycle-closed_loop_dynamic-rep0,0,0,2,v10-heldout_two_cycle-p2-v10-low-c0021,215.267242916,FP16,512,0,completed,True,True,True
v10-heldout_two_cycle-closed_loop_dynamic-rep0,0,0,2,v10-heldout_two_cycle-p2-v10-low-c0022,215.267316657,FP16,512,0,completed,True,True,True
v10-heldout_two_cycle-closed_loop_dynamic-rep0,0,0,2,v10-heldout_two_cycle-p2-v10-low-c0023,215.267356797,FP16,512,0,completed,True,True,True
v10-heldout_two_cycle-closed_loop_dynamic-rep0,0,0,2,v10-heldout_two_cycle-p2-v10-low-c0024,215.267391825,FP16,512,0,completed,True,True,True
v10-heldout_two_cycle-closed_loop_dynamic-rep0,0,0,2,v10-heldout_two_cycle-p2-v10-low-c0025,215.267428329,FP16,512,0,completed,True,True,True
v10-heldout_two_cycle-closed_loop_dynamic-rep0,0,0,2,v10-heldout_two_cycle-p2-v10-low-c0026,215.267462967,FP16,512,0,completed,True,True,True
v10-heldout_two_cycle-closed_loop_dynamic-rep0,0,0,2,v10-heldout_two_cycle-p2-v10-low-c0027,215.26749799,FP16,512,0,completed,True,True,True
v10-heldout_two_cycle-closed_loop_dynamic-rep0,0,0,2,v10-heldout_two_cycle-p2-v10-low-c0028,215.267543516,FP16,512,0,completed,True,True,True
v10-heldout_two_cycle-closed_loop_dynamic-rep0,0,0,2,v10-heldout_two_cycle-p2-v10-low-c0029,215.267580617,FP16,512,0,completed,True,True,True
v10-heldout_two_cycle-closed_loop_dynamic-rep0,0,0,2,v10-heldout_two_cycle-p2-v10-low-c0030,225.31329821,FP16,512,0,completed,True,True,True
v10-heldout_two_cycle-closed_loop_dynamic-rep0,0,0,2,v10-heldout_two_cycle-p2-v10-low-c0031,235.375638774,FP16,512,0,completed,True,True,True
v10-heldout_two_cycle-closed_loop_dynamic-rep0,0,0,2,v10-heldout_two_cycle-p2-v10-low-c0032,235.375718027,FP16,512,0,completed,True,True,True
v10-heldout_two_cycle-closed_loop_dynamic-rep0,0,0,2,v10-heldout_two_cycle-p2-v10-low-c0033,235.375769008,FP16,512,0,completed,True,True,True
v10-heldout_two_cycle-closed_loop_dynamic-rep0,0,0,2,v10-heldout_two_cycle-p2-v10-low-c0034,235.375807683,FP16,512,0,completed,True,True,True
v10-heldout_two_cycle-closed_loop_dynamic-rep0,0,0,2,v10-heldout_two_cycle-p2-v10-low-c0035,235.375847471,FP16,512,0,completed,True,True,True
v10-heldout_two_cycle-closed_loop_dynamic-rep0,0,0,2,v10-heldout_two_cycle-p2-v10-low-c0036,235.375882187,FP16,512,0,completed,True,True,True
v10-heldout_two_cycle-closed_loop_dynamic-rep0,0,0,2,v10-heldout_two_cycle-p2-v10-low-c0037,235.375923715,FP16,512,0,completed,True,True,True
v10-heldout_two_cycle-closed_loop_dynamic-rep0,0,0,2,v10-heldout_two_cycle-p2-v10-low-c0038,235.375959925,FP16,512,0,completed,True,True,True
v10-heldout_two_cycle-closed_loop_dynamic-rep0,0,0,2,v10-heldout_two_cycle-p2-v10-low-c0039,235.375995539,FP16,512,0,completed,True,True,True
v10-heldout_two_cycle-closed_loop_dynamic-rep0,0,0,2,v10-heldout_two_cycle-p2-v10-low-c0040,245.43788832,FP16,512,0,completed,True,True,True
v10-heldout_two_cycle-closed_loop_dynamic-rep0,0,0,2,v10-heldout_two_cycle-p2-v10-low-c0041,245.437966005,FP16,512,0,completed,True,True,True
v10-heldout_two_cycle-closed_loop_dynamic-rep0,0,0,2,v10-heldout_two_cycle-p2-v10-low-c0042,245.438012532,FP16,512,0,completed,True,True,True
v10-heldout_two_cycle-closed_loop_dynamic-rep0,0,0,2,v10-heldout_two_cycle-p2-v10-low-c0043,245.438067262,FP16,512,0,completed,True,True,True
v10-heldout_two_cycle-closed_loop_dynamic-rep0,0,0,2,v10-heldout_two_cycle-p2-v10-low-c0044,245.438106281,FP16,512,0,completed,True,True,True
v10-heldout_two_cycle-closed_loop_dynamic-rep0,0,0,2,v10-heldout_two_cycle-p2-v10-low-c0045,245.438143126,FP16,512,0,completed,True,True,True
v10-heldout_two_cycle-closed_loop_dynamic-rep0,0,0,2,v10-heldout_two_cycle-p2-v10-low-c0046,245.438179496,FP16,512,0,completed,True,True,True
v10-heldout_two_cycle-closed_loop_dynamic-rep0,0,0,2,v10-heldout_two_cycle-p2-v10-low-c0047,255.517323141,FP16,476,36,completed,True,True,True
v10-heldout_two_cycle-closed_loop_dynamic-rep0,0,0,2,v10-heldout_two_cycle-p2-v10-low-c0048,255.51737962,FP16,476,36,completed,True,True,True
v10-heldout_two_cycle-closed_loop_dynamic-rep0,0,0,2,v10-heldout_two_cycle-p2-v10-low-c0049,255.517416092,FP16,476,36,completed,True,True,True
v10-heldout_two_cycle-closed_loop_dynamic-rep0,0,0,2,v10-heldout_two_cycle-p2-v10-low-c0050,255.517448149,FP16,467,45,completed,True,True,True
v10-heldout_two_cycle-closed_loop_dynamic-rep0,0,0,2,v10-heldout_two_cycle-p2-v10-low-c0051,255.517477106,FP16,413,99,completed,True,True,True
v10-heldout_two_cycle-closed_loop_dynamic-rep0,0,0,2,v10-heldout_two_cycle-p2-v10-low-c0052,255.517508428,FP16,357,155,completed,True,True,True
v10-heldout_two_cycle-closed_loop_dynamic-rep0,0,0,2,v10-heldout_two_cycle-p2-v10-low-c0053,255.517547763,FP16,309,203,completed,True,True,True
v10-heldout_two_cycle-closed_loop_dynamic-rep0,0,0,2,v10-heldout_two_cycle-p2-v10-low-c0054,255.517575831,FP16,308,204,completed,True,True,True
v10-heldout_two_cycle-closed_loop_dynamic-rep0,0,0,2,v10-heldout_two_cycle-p2-v10-low-c0055,265.643599483,FP16,308,204,completed,True,True,True
v10-heldout_two_cycle-closed_loop_dynamic-rep0,0,0,2,v10-heldout_two_cycle-p2-v10-low-c0056,265.643648182,FP16,308,204,completed,True,True,True
v10-heldout_two_cycle-closed_loop_dynamic-rep0,0,0,2,v10-heldout_two_cycle-p2-v10-low-c0057,265.64367758,FP16,308,204,completed,True,True,True
v10-heldout_two_cycle-closed_loop_dynamic-rep0,0,0,2,v10-heldout_two_cycle-p2-v10-low-c0058,265.643704583,FP16,308,204,completed,True,True,True
v10-heldout_two_cycle-closed_loop_dynamic-rep0,0,0,2,v10-heldout_two_cycle-p2-v10-low-c0059,265.643728383,FP16,308,204,completed,True,True,True
v10-heldout_two_cycle-closed_loop_dynamic-rep0,0,0,2,v10-heldout_two_cycle-p2-v10-low-c0060,265.643751614,FP16,295,217,completed,True,True,True
v10-heldout_two_cycle-closed_loop_dynamic-rep0,0,0,2,v10-heldout_two_cycle-p2-v10-low-c0061,265.64377281,FP16,245,267,completed,True,True,True
v10-heldout_two_cycle-closed_loop_dynamic-rep0,0,0,2,v10-heldout_two_cycle-p2-v10-low-c0062,265.643795121,FP16,192,320,completed,True,True,True
v10-heldout_two_cycle-closed_loop_dynamic-rep0,0,0,2,v10-heldout_two_cycle-p2-v10-low-c0063,265.643815047,FP16,149,363,completed,True,True,True
v10-heldout_two_cycle-closed_loop_dynamic-rep0,0,1,4,v10-heldout_two_cycle-p4-v10-low-c0013,380.18827874,FP16,512,0,completed,True,True,True
v10-heldout_two_cycle-closed_loop_dynamic-rep0,0,1,4,v10-heldout_two_cycle-p4-v10-low-c0014,380.188407301,FP16,512,0,completed,True,True,True
v10-heldout_two_cycle-closed_loop_dynamic-rep0,0,1,4,v10-heldout_two_cycle-p4-v10-low-c0015,380.188486919,FP16,512,0,completed,True,True,True
v10-heldout_two_cycle-closed_loop_dynamic-rep0,0,1,4,v10-heldout_two_cycle-p4-v10-low-c0016,380.188534599,FP16,512,0,completed,True,True,True
v10-heldout_two_cycle-closed_loop_dynamic-rep0,0,1,4,v10-heldout_two_cycle-p4-v10-low-c0017,380.188589082,FP16,512,0,completed,True,True,True
v10-heldout_two_cycle-closed_loop_dynamic-rep0,0,1,4,v10-heldout_two_cycle-p4-v10-low-c0018,380.188658934,FP16,512,0,completed,True,True,True
v10-heldout_two_cycle-closed_loop_dynamic-rep0,0,1,4,v10-heldout_two_cycle-p4-v10-low-c0019,380.188712584,FP16,512,0,completed,True,True,True
v10-heldout_two_cycle-closed_loop_dynamic-rep0,0,1,4,v10-heldout_two_cycle-p4-v10-low-c0020,380.188778017,FP16,512,0,completed,True,True,True
v10-heldout_two_cycle-closed_loop_dynamic-rep0,0,1,4,v10-heldout_two_cycle-p4-v10-low-c0021,390.272668727,FP16,512,0,completed,True,True,True
v10-heldout_two_cycle-closed_loop_dynamic-rep0,0,1,4,v10-heldout_two_cycle-p4-v10-low-c0022,390.272732653,FP16,512,0,completed,True,True,True
v10-heldout_two_cycle-closed_loop_dynamic-rep0,0,1,4,v10-heldout_two_cycle-p4-v10-low-c0023,390.272766953,FP16,512,0,completed,True,True,True
v10-heldout_two_cycle-closed_loop_dynamic-rep0,0,1,4,v10-heldout_two_cycle-p4-v10-low-c0024,390.27280206,FP16,512,0,completed,True,True,True
v10-heldout_two_cycle-closed_loop_dynamic-rep0,0,1,4,v10-heldout_two_cycle-p4-v10-low-c0025,390.27283288,FP16,512,0,completed,True,True,True
v10-heldout_two_cycle-closed_loop_dynamic-rep0,0,1,4,v10-heldout_two_cycle-p4-v10-low-c0026,390.272863775,FP16,512,0,completed,True,True,True
v10-heldout_two_cycle-closed_loop_dynamic-rep0,0,1,4,v10-heldout_two_cycle-p4-v10-low-c0027,390.272893252,FP16,512,0,completed,True,True,True
v10-heldout_two_cycle-closed_loop_dynamic-rep0,0,1,4,v10-heldout_two_cycle-p4-v10-low-c0028,390.272926991,FP16,512,0,completed,True,True,True
v10-heldout_two_cycle-closed_loop_dynamic-rep0,0,1,4,v10-heldout_two_cycle-p4-v10-low-c0029,390.272957794,FP16,512,0,completed,True,True,True
v10-heldout_two_cycle-closed_loop_dynamic-rep0,0,1,4,v10-heldout_two_cycle-p4-v10-low-c0030,400.313112258,FP16,512,0,completed,True,True,True
v10-heldout_two_cycle-closed_loop_dynamic-rep0,0,1,4,v10-heldout_two_cycle-p4-v10-low-c0031,410.376056617,FP16,512,0,completed,True,True,True
v10-heldout_two_cycle-closed_loop_dynamic-rep0,0,1,4,v10-heldout_two_cycle-p4-v10-low-c0032,410.376139433,FP16,512,0,completed,True,True,True
v10-heldout_two_cycle-closed_loop_dynamic-rep0,0,1,4,v10-heldout_two_cycle-p4-v10-low-c0033,410.376201044,FP16,512,0,completed,True,True,True
v10-heldout_two_cycle-closed_loop_dynamic-rep0,0,1,4,v10-heldout_two_cycle-p4-v10-low-c0034,410.376241202,FP16,512,0,completed,True,True,True
v10-heldout_two_cycle-closed_loop_dynamic-rep0,0,1,4,v10-heldout_two_cycle-p4-v10-low-c0035,410.376275846,FP16,512,0,completed,True,True,True
v10-heldout_two_cycle-closed_loop_dynamic-rep0,0,1,4,v10-heldout_two_cycle-p4-v10-low-c0036,410.376319042,FP16,512,0,completed,True,True,True
v10-heldout_two_cycle-closed_loop_dynamic-rep0,0,1,4,v10-heldout_two_cycle-p4-v10-low-c0037,410.376357289,FP16,512,0,completed,True,True,True
v10-heldout_two_cycle-closed_loop_dynamic-rep0,0,1,4,v10-heldout_two_cycle-p4-v10-low-c0038,410.376391237,FP16,512,0,completed,True,True,True
v10-heldout_two_cycle-closed_loop_dynamic-rep0,0,1,4,v10-heldout_two_cycle-p4-v10-low-c0039,410.376436208,FP16,512,0,completed,True,True,True
v10-heldout_two_cycle-closed_loop_dynamic-rep0,0,1,4,v10-heldout_two_cycle-p4-v10-low-c0040,420.438294166,FP16,512,0,completed,True,True,True
v10-heldout_two_cycle-closed_loop_dynamic-rep0,0,1,4,v10-heldout_two_cycle-p4-v10-low-c0041,420.438372491,FP16,512,0,completed,True,True,True
v10-heldout_two_cycle-closed_loop_dynamic-rep0,0,1,4,v10-heldout_two_cycle-p4-v10-low-c0042,420.438418772,FP16,512,0,completed,True,True,True
v10-heldout_two_cycle-closed_loop_dynamic-rep0,0,1,4,v10-heldout_two_cycle-p4-v10-low-c0043,420.438463806,FP16,512,0,completed,True,True,True
v10-heldout_two_cycle-closed_loop_dynamic-rep0,0,1,4,v10-heldout_two_cycle-p4-v10-low-c0044,420.438502936,FP16,512,0,completed,True,True,True
v10-heldout_two_cycle-closed_loop_dynamic-rep0,0,1,4,v10-heldout_two_cycle-p4-v10-low-c0045,420.438546007,FP16,512,0,completed,True,True,True
v10-heldout_two_cycle-closed_loop_dynamic-rep0,0,1,4,v10-heldout_two_cycle-p4-v10-low-c0046,420.438579212,FP16,512,0,completed,True,True,True
v10-heldout_two_cycle-closed_loop_dynamic-rep0,0,1,4,v10-heldout_two_cycle-p4-v10-low-c0047,430.526863343,FP16,512,0,completed,True,True,True
v10-heldout_two_cycle-closed_loop_dynamic-rep0,0,1,4,v10-heldout_two_cycle-p4-v10-low-c0048,430.526920866,FP16,512,0,completed,True,True,True
v10-heldout_two_cycle-closed_loop_dynamic-rep0,0,1,4,v10-heldout_two_cycle-p4-v10-low-c0049,430.526951922,FP16,512,0,completed,True,True,True
v10-heldout_two_cycle-closed_loop_dynamic-rep0,0,1,4,v10-heldout_two_cycle-p4-v10-low-c0050,430.526987912,FP16,512,0,completed,True,True,True
v10-heldout_two_cycle-closed_loop_dynamic-rep0,0,1,4,v10-heldout_two_cycle-p4-v10-low-c0051,430.527014877,FP16,512,0,completed,True,True,True
v10-heldout_two_cycle-closed_loop_dynamic-rep0,0,1,4,v10-heldout_two_cycle-p4-v10-low-c0052,430.52703827,FP16,512,0,completed,True,True,True
v10-heldout_two_cycle-closed_loop_dynamic-rep0,0,1,4,v10-heldout_two_cycle-p4-v10-low-c0053,430.527060316,FP16,512,0,completed,True,True,True
v10-heldout_two_cycle-closed_loop_dynamic-rep0,0,1,4,v10-heldout_two_cycle-p4-v10-low-c0054,430.527084857,FP16,512,0,completed,True,True,True
v10-heldout_two_cycle-closed_loop_dynamic-rep0,0,1,4,v10-heldout_two_cycle-p4-v10-low-c0055,440.564030255,FP16,512,0,completed,True,True,True
v10-heldout_two_cycle-closed_loop_dynamic-rep0,0,1,4,v10-heldout_two_cycle-p4-v10-low-c0056,440.564118183,FP16,512,0,completed,True,True,True
v10-heldout_two_cycle-closed_loop_dynamic-rep0,0,1,4,v10-heldout_two_cycle-p4-v10-low-c0057,440.564172599,FP16,512,0,completed,True,True,True
v10-heldout_two_cycle-closed_loop_dynamic-rep0,0,1,4,v10-heldout_two_cycle-p4-v10-low-c0058,440.564219628,FP16,512,0,completed,True,True,True
v10-heldout_two_cycle-closed_loop_dynamic-rep0,0,1,4,v10-heldout_two_cycle-p4-v10-low-c0059,440.564272739,FP16,512,0,completed,True,True,True
v10-heldout_two_cycle-closed_loop_dynamic-rep0,0,1,4,v10-heldout_two_cycle-p4-v10-low-c0060,440.564317449,FP16,512,0,completed,True,True,True
v10-heldout_two_cycle-closed_loop_dynamic-rep0,0,1,4,v10-heldout_two_cycle-p4-v10-low-c0061,440.564358418,FP16,512,0,completed,True,True,True
v10-heldout_two_cycle-closed_loop_dynamic-rep0,0,1,4,v10-heldout_two_cycle-p4-v10-low-c0062,440.564395479,FP16,512,0,completed,True,True,True
v10-heldout_two_cycle-closed_loop_dynamic-rep0,0,1,4,v10-heldout_two_cycle-p4-v10-low-c0063,440.564426952,FP16,512,0,completed,True,True,True
v10-heldout_two_cycle-closed_loop_dynamic-rep1,1,0,2,v10-heldout_two_cycle-p2-v10-low-c0013,205.188771749,FP16,512,0,completed,True,True,True
v10-heldout_two_cycle-closed_loop_dynamic-rep1,1,0,2,v10-heldout_two_cycle-p2-v10-low-c0014,205.188856925,FP16,512,0,completed,True,True,True
v10-heldout_two_cycle-closed_loop_dynamic-rep1,1,0,2,v10-heldout_two_cycle-p2-v10-low-c0015,205.188906871,FP16,512,0,completed,True,True,True
v10-heldout_two_cycle-closed_loop_dynamic-rep1,1,0,2,v10-heldout_two_cycle-p2-v10-low-c0016,205.188954418,FP16,512,0,completed,True,True,True
v10-heldout_two_cycle-closed_loop_dynamic-rep1,1,0,2,v10-heldout_two_cycle-p2-v10-low-c0017,205.188989401,FP16,512,0,completed,True,True,True
v10-heldout_two_cycle-closed_loop_dynamic-rep1,1,0,2,v10-heldout_two_cycle-p2-v10-low-c0018,205.189025888,FP16,512,0,completed,True,True,True
v10-heldout_two_cycle-closed_loop_dynamic-rep1,1,0,2,v10-heldout_two_cycle-p2-v10-low-c0019,205.1890755,FP16,512,0,completed,True,True,True
v10-heldout_two_cycle-closed_loop_dynamic-rep1,1,0,2,v10-heldout_two_cycle-p2-v10-low-c0020,205.189111825,FP16,512,0,completed,True,True,True
v10-heldout_two_cycle-closed_loop_dynamic-rep1,1,0,2,v10-heldout_two_cycle-p2-v10-low-c0021,215.259171971,FP16,512,0,completed,True,True,True
v10-heldout_two_cycle-closed_loop_dynamic-rep1,1,0,2,v10-heldout_two_cycle-p2-v10-low-c0022,215.259226679,FP16,512,0,completed,True,True,True
v10-heldout_two_cycle-closed_loop_dynamic-rep1,1,0,2,v10-heldout_two_cycle-p2-v10-low-c0023,215.259263419,FP16,512,0,completed,True,True,True
v10-heldout_two_cycle-closed_loop_dynamic-rep1,1,0,2,v10-heldout_two_cycle-p2-v10-low-c0024,215.259284613,FP16,512,0,completed,True,True,True
v10-heldout_two_cycle-closed_loop_dynamic-rep1,1,0,2,v10-heldout_two_cycle-p2-v10-low-c0025,215.259309202,FP16,512,0,completed,True,True,True
v10-heldout_two_cycle-closed_loop_dynamic-rep1,1,0,2,v10-heldout_two_cycle-p2-v10-low-c0026,215.259335977,FP16,512,0,completed,True,True,True
v10-heldout_two_cycle-closed_loop_dynamic-rep1,1,0,2,v10-heldout_two_cycle-p2-v10-low-c0027,215.259359111,FP16,512,0,completed,True,True,True
v10-heldout_two_cycle-closed_loop_dynamic-rep1,1,0,2,v10-heldout_two_cycle-p2-v10-low-c0028,215.259384756,FP16,512,0,completed,True,True,True
v10-heldout_two_cycle-closed_loop_dynamic-rep1,1,0,2,v10-heldout_two_cycle-p2-v10-low-c0029,215.259406366,FP16,512,0,completed,True,True,True
v10-heldout_two_cycle-closed_loop_dynamic-rep1,1,0,2,v10-heldout_two_cycle-p2-v10-low-c0030,225.313610348,FP16,512,0,completed,True,True,True
v10-heldout_two_cycle-closed_loop_dynamic-rep1,1,0,2,v10-heldout_two_cycle-p2-v10-low-c0031,235.375701474,FP16,512,0,completed,True,True,True
v10-heldout_two_cycle-closed_loop_dynamic-rep1,1,0,2,v10-heldout_two_cycle-p2-v10-low-c0032,235.375784909,FP16,512,0,completed,True,True,True
v10-heldout_two_cycle-closed_loop_dynamic-rep1,1,0,2,v10-heldout_two_cycle-p2-v10-low-c0033,235.375829972,FP16,512,0,completed,True,True,True
v10-heldout_two_cycle-closed_loop_dynamic-rep1,1,0,2,v10-heldout_two_cycle-p2-v10-low-c0034,235.375874409,FP16,512,0,completed,True,True,True
v10-heldout_two_cycle-closed_loop_dynamic-rep1,1,0,2,v10-heldout_two_cycle-p2-v10-low-c0035,235.375910578,FP16,512,0,completed,True,True,True
v10-heldout_two_cycle-closed_loop_dynamic-rep1,1,0,2,v10-heldout_two_cycle-p2-v10-low-c0036,235.37594641,FP16,512,0,completed,True,True,True
v10-heldout_two_cycle-closed_loop_dynamic-rep1,1,0,2,v10-heldout_two_cycle-p2-v10-low-c0037,235.375986751,FP16,512,0,completed,True,True,True
v10-heldout_two_cycle-closed_loop_dynamic-rep1,1,0,2,v10-heldout_two_cycle-p2-v10-low-c0038,235.376024749,FP16,512,0,completed,True,True,True
v10-heldout_two_cycle-closed_loop_dynamic-rep1,1,0,2,v10-heldout_two_cycle-p2-v10-low-c0039,235.376082064,FP16,512,0,completed,True,True,True
v10-heldout_two_cycle-closed_loop_dynamic-rep1,1,0,2,v10-heldout_two_cycle-p2-v10-low-c0040,245.437893277,FP16,512,0,completed,True,True,True
v10-heldout_two_cycle-closed_loop_dynamic-rep1,1,0,2,v10-heldout_two_cycle-p2-v10-low-c0041,245.437971979,FP16,512,0,completed,True,True,True
v10-heldout_two_cycle-closed_loop_dynamic-rep1,1,0,2,v10-heldout_two_cycle-p2-v10-low-c0042,245.43802408,FP16,512,0,completed,True,True,True
v10-heldout_two_cycle-closed_loop_dynamic-rep1,1,0,2,v10-heldout_two_cycle-p2-v10-low-c0043,245.438089076,FP16,512,0,completed,True,True,True
v10-heldout_two_cycle-closed_loop_dynamic-rep1,1,0,2,v10-heldout_two_cycle-p2-v10-low-c0044,245.438134632,FP16,512,0,completed,True,True,True
v10-heldout_two_cycle-closed_loop_dynamic-rep1,1,0,2,v10-heldout_two_cycle-p2-v10-low-c0045,245.438174355,FP16,512,0,completed,True,True,True
v10-heldout_two_cycle-closed_loop_dynamic-rep1,1,0,2,v10-heldout_two_cycle-p2-v10-low-c0046,245.43820654,FP16,512,0,completed,True,True,True
v10-heldout_two_cycle-closed_loop_dynamic-rep1,1,0,2,v10-heldout_two_cycle-p2-v10-low-c0047,255.51769819,FP16,469,43,completed,True,True,True
v10-heldout_two_cycle-closed_loop_dynamic-rep1,1,0,2,v10-heldout_two_cycle-p2-v10-low-c0048,255.517760291,FP16,469,43,completed,True,True,True
v10-heldout_two_cycle-closed_loop_dynamic-rep1,1,0,2,v10-heldout_two_cycle-p2-v10-low-c0049,255.517794644,FP16,469,43,completed,True,True,True
v10-heldout_two_cycle-closed_loop_dynamic-rep1,1,0,2,v10-heldout_two_cycle-p2-v10-low-c0050,255.51782302,FP16,456,56,completed,True,True,True
v10-heldout_two_cycle-closed_loop_dynamic-rep1,1,0,2,v10-heldout_two_cycle-p2-v10-low-c0051,255.517847418,FP16,406,106,completed,True,True,True
v10-heldout_two_cycle-closed_loop_dynamic-rep1,1,0,2,v10-heldout_two_cycle-p2-v10-low-c0052,255.517876696,FP16,344,168,completed,True,True,True
v10-heldout_two_cycle-closed_loop_dynamic-rep1,1,0,2,v10-heldout_two_cycle-p2-v10-low-c0053,255.517906055,FP16,296,216,completed,True,True,True
v10-heldout_two_cycle-closed_loop_dynamic-rep1,1,0,2,v10-heldout_two_cycle-p2-v10-low-c0054,255.517939206,FP16,293,219,completed,True,True,True
v10-heldout_two_cycle-closed_loop_dynamic-rep1,1,0,2,v10-heldout_two_cycle-p2-v10-low-c0055,265.563634567,FP16,293,219,completed,True,True,True
v10-heldout_two_cycle-closed_loop_dynamic-rep1,1,0,2,v10-heldout_two_cycle-p2-v10-low-c0056,265.563716447,FP16,293,219,completed,True,True,True
v10-heldout_two_cycle-closed_loop_dynamic-rep1,1,0,2,v10-heldout_two_cycle-p2-v10-low-c0057,265.563767018,FP16,293,219,completed,True,True,True
v10-heldout_two_cycle-closed_loop_dynamic-rep1,1,0,2,v10-heldout_two_cycle-p2-v10-low-c0058,265.563812737,FP16,293,219,completed,True,True,True
v10-heldout_two_cycle-closed_loop_dynamic-rep1,1,0,2,v10-heldout_two_cycle-p2-v10-low-c0059,265.563850651,FP16,293,219,completed,True,True,True
v10-heldout_two_cycle-closed_loop_dynamic-rep1,1,0,2,v10-heldout_two_cycle-p2-v10-low-c0060,265.563895895,FP16,278,234,completed,True,True,True
v10-heldout_two_cycle-closed_loop_dynamic-rep1,1,0,2,v10-heldout_two_cycle-p2-v10-low-c0061,265.563930657,FP16,228,284,completed,True,True,True
v10-heldout_two_cycle-closed_loop_dynamic-rep1,1,0,2,v10-heldout_two_cycle-p2-v10-low-c0062,265.563968163,FP16,180,332,completed,True,True,True
v10-heldout_two_cycle-closed_loop_dynamic-rep1,1,0,2,v10-heldout_two_cycle-p2-v10-low-c0063,265.564002334,FP16,132,380,completed,True,True,True
v10-heldout_two_cycle-closed_loop_dynamic-rep1,1,1,4,v10-heldout_two_cycle-p4-v10-low-c0013,380.188356006,FP16,512,0,completed,True,True,True
v10-heldout_two_cycle-closed_loop_dynamic-rep1,1,1,4,v10-heldout_two_cycle-p4-v10-low-c0014,380.188433299,FP16,512,0,completed,True,True,True
v10-heldout_two_cycle-closed_loop_dynamic-rep1,1,1,4,v10-heldout_two_cycle-p4-v10-low-c0015,380.188484933,FP16,512,0,completed,True,True,True
v10-heldout_two_cycle-closed_loop_dynamic-rep1,1,1,4,v10-heldout_two_cycle-p4-v10-low-c0016,380.18852426,FP16,512,0,completed,True,True,True
v10-heldout_two_cycle-closed_loop_dynamic-rep1,1,1,4,v10-heldout_two_cycle-p4-v10-low-c0017,380.188563281,FP16,512,0,completed,True,True,True
v10-heldout_two_cycle-closed_loop_dynamic-rep1,1,1,4,v10-heldout_two_cycle-p4-v10-low-c0018,380.18859922,FP16,512,0,completed,True,True,True
v10-heldout_two_cycle-closed_loop_dynamic-rep1,1,1,4,v10-heldout_two_cycle-p4-v10-low-c0019,380.188633839,FP16,512,0,completed,True,True,True
v10-heldout_two_cycle-closed_loop_dynamic-rep1,1,1,4,v10-heldout_two_cycle-p4-v10-low-c0020,380.188668747,FP16,512,0,completed,True,True,True
v10-heldout_two_cycle-closed_loop_dynamic-rep1,1,1,4,v10-heldout_two_cycle-p4-v10-low-c0021,390.274972656,FP16,512,0,completed,True,True,True
v10-heldout_two_cycle-closed_loop_dynamic-rep1,1,1,4,v10-heldout_two_cycle-p4-v10-low-c0022,390.275034877,FP16,512,0,completed,True,True,True
v10-heldout_two_cycle-closed_loop_dynamic-rep1,1,1,4,v10-heldout_two_cycle-p4-v10-low-c0023,390.275073258,FP16,512,0,completed,True,True,True
v10-heldout_two_cycle-closed_loop_dynamic-rep1,1,1,4,v10-heldout_two_cycle-p4-v10-low-c0024,390.2751115,FP16,512,0,completed,True,True,True
v10-heldout_two_cycle-closed_loop_dynamic-rep1,1,1,4,v10-heldout_two_cycle-p4-v10-low-c0025,390.275144629,FP16,512,0,completed,True,True,True
v10-heldout_two_cycle-closed_loop_dynamic-rep1,1,1,4,v10-heldout_two_cycle-p4-v10-low-c0026,390.275180476,FP16,512,0,completed,True,True,True
v10-heldout_two_cycle-closed_loop_dynamic-rep1,1,1,4,v10-heldout_two_cycle-p4-v10-low-c0027,390.275205082,FP16,512,0,completed,True,True,True
v10-heldout_two_cycle-closed_loop_dynamic-rep1,1,1,4,v10-heldout_two_cycle-p4-v10-low-c0028,390.275232045,FP16,512,0,completed,True,True,True
v10-heldout_two_cycle-closed_loop_dynamic-rep1,1,1,4,v10-heldout_two_cycle-p4-v10-low-c0029,390.275264241,FP16,512,0,completed,True,True,True
v10-heldout_two_cycle-closed_loop_dynamic-rep1,1,1,4,v10-heldout_two_cycle-p4-v10-low-c0030,400.312953417,FP16,512,0,completed,True,True,True
v10-heldout_two_cycle-closed_loop_dynamic-rep1,1,1,4,v10-heldout_two_cycle-p4-v10-low-c0031,410.376027862,FP16,512,0,completed,True,True,True
v10-heldout_two_cycle-closed_loop_dynamic-rep1,1,1,4,v10-heldout_two_cycle-p4-v10-low-c0032,410.376120842,FP16,512,0,completed,True,True,True
v10-heldout_two_cycle-closed_loop_dynamic-rep1,1,1,4,v10-heldout_two_cycle-p4-v10-low-c0033,410.376167553,FP16,512,0,completed,True,True,True
v10-heldout_two_cycle-closed_loop_dynamic-rep1,1,1,4,v10-heldout_two_cycle-p4-v10-low-c0034,410.376206413,FP16,512,0,completed,True,True,True
v10-heldout_two_cycle-closed_loop_dynamic-rep1,1,1,4,v10-heldout_two_cycle-p4-v10-low-c0035,410.376241251,FP16,512,0,completed,True,True,True
v10-heldout_two_cycle-closed_loop_dynamic-rep1,1,1,4,v10-heldout_two_cycle-p4-v10-low-c0036,410.376278983,FP16,512,0,completed,True,True,True
v10-heldout_two_cycle-closed_loop_dynamic-rep1,1,1,4,v10-heldout_two_cycle-p4-v10-low-c0037,410.376318548,FP16,512,0,completed,True,True,True
v10-heldout_two_cycle-closed_loop_dynamic-rep1,1,1,4,v10-heldout_two_cycle-p4-v10-low-c0038,410.376355458,FP16,512,0,completed,True,True,True
v10-heldout_two_cycle-closed_loop_dynamic-rep1,1,1,4,v10-heldout_two_cycle-p4-v10-low-c0039,410.376391295,FP16,512,0,completed,True,True,True
v10-heldout_two_cycle-closed_loop_dynamic-rep1,1,1,4,v10-heldout_two_cycle-p4-v10-low-c0040,420.438698282,FP16,512,0,completed,True,True,True
v10-heldout_two_cycle-closed_loop_dynamic-rep1,1,1,4,v10-heldout_two_cycle-p4-v10-low-c0041,420.438773305,FP16,512,0,completed,True,True,True
v10-heldout_two_cycle-closed_loop_dynamic-rep1,1,1,4,v10-heldout_two_cycle-p4-v10-low-c0042,420.438821631,FP16,512,0,completed,True,True,True
v10-heldout_two_cycle-closed_loop_dynamic-rep1,1,1,4,v10-heldout_two_cycle-p4-v10-low-c0043,420.438865626,FP16,512,0,completed,True,True,True
v10-heldout_two_cycle-closed_loop_dynamic-rep1,1,1,4,v10-heldout_two_cycle-p4-v10-low-c0044,420.438901026,FP16,512,0,completed,True,True,True
v10-heldout_two_cycle-closed_loop_dynamic-rep1,1,1,4,v10-heldout_two_cycle-p4-v10-low-c0045,420.438935631,FP16,512,0,completed,True,True,True
v10-heldout_two_cycle-closed_loop_dynamic-rep1,1,1,4,v10-heldout_two_cycle-p4-v10-low-c0046,420.438973443,FP16,512,0,completed,True,True,True
v10-heldout_two_cycle-closed_loop_dynamic-rep1,1,1,4,v10-heldout_two_cycle-p4-v10-low-c0047,430.52358424,FP16,512,0,completed,True,True,True
v10-heldout_two_cycle-closed_loop_dynamic-rep1,1,1,4,v10-heldout_two_cycle-p4-v10-low-c0048,430.523623545,FP16,512,0,completed,True,True,True
v10-heldout_two_cycle-closed_loop_dynamic-rep1,1,1,4,v10-heldout_two_cycle-p4-v10-low-c0049,430.523644829,FP16,512,0,completed,True,True,True
v10-heldout_two_cycle-closed_loop_dynamic-rep1,1,1,4,v10-heldout_two_cycle-p4-v10-low-c0050,430.523666291,FP16,512,0,completed,True,True,True
v10-heldout_two_cycle-closed_loop_dynamic-rep1,1,1,4,v10-heldout_two_cycle-p4-v10-low-c0051,430.523687214,FP16,512,0,completed,True,True,True
v10-heldout_two_cycle-closed_loop_dynamic-rep1,1,1,4,v10-heldout_two_cycle-p4-v10-low-c0052,430.523708977,FP16,512,0,completed,True,True,True
v10-heldout_two_cycle-closed_loop_dynamic-rep1,1,1,4,v10-heldout_two_cycle-p4-v10-low-c0053,430.523735348,FP16,512,0,completed,True,True,True
v10-heldout_two_cycle-closed_loop_dynamic-rep1,1,1,4,v10-heldout_two_cycle-p4-v10-low-c0054,430.523766503,FP16,512,0,completed,True,True,True
v10-heldout_two_cycle-closed_loop_dynamic-rep1,1,1,4,v10-heldout_two_cycle-p4-v10-low-c0055,440.563841559,FP16,512,0,completed,True,True,True
v10-heldout_two_cycle-closed_loop_dynamic-rep1,1,1,4,v10-heldout_two_cycle-p4-v10-low-c0056,440.563916905,FP16,512,0,completed,True,True,True
v10-heldout_two_cycle-closed_loop_dynamic-rep1,1,1,4,v10-heldout_two_cycle-p4-v10-low-c0057,440.56398386,FP16,512,0,completed,True,True,True
v10-heldout_two_cycle-closed_loop_dynamic-rep1,1,1,4,v10-heldout_two_cycle-p4-v10-low-c0058,440.564026566,FP16,512,0,completed,True,True,True
v10-heldout_two_cycle-closed_loop_dynamic-rep1,1,1,4,v10-heldout_two_cycle-p4-v10-low-c0059,440.564078588,FP16,512,0,completed,True,True,True
v10-heldout_two_cycle-closed_loop_dynamic-rep1,1,1,4,v10-heldout_two_cycle-p4-v10-low-c0060,440.564111595,FP16,512,0,completed,True,True,True
v10-heldout_two_cycle-closed_loop_dynamic-rep1,1,1,4,v10-heldout_two_cycle-p4-v10-low-c0061,440.564142863,FP16,512,0,completed,True,True,True
v10-heldout_two_cycle-closed_loop_dynamic-rep1,1,1,4,v10-heldout_two_cycle-p4-v10-low-c0062,440.564180639,FP16,512,0,completed,True,True,True
v10-heldout_two_cycle-closed_loop_dynamic-rep1,1,1,4,v10-heldout_two_cycle-p4-v10-low-c0063,440.564211451,FP16,512,0,completed,True,True,True
v10-heldout_one_cycle-closed_loop_dynamic-rep1,1,0,2,v10-heldout_one_cycle-p2-v10-low-c0013,205.188586072,FP16,512,0,completed,True,True,True
v10-heldout_one_cycle-closed_loop_dynamic-rep1,1,0,2,v10-heldout_one_cycle-p2-v10-low-c0014,205.18866929,FP16,512,0,completed,True,True,True
v10-heldout_one_cycle-closed_loop_dynamic-rep1,1,0,2,v10-heldout_one_cycle-p2-v10-low-c0015,205.188716614,FP16,512,0,completed,True,True,True
v10-heldout_one_cycle-closed_loop_dynamic-rep1,1,0,2,v10-heldout_one_cycle-p2-v10-low-c0016,205.188751636,FP16,512,0,completed,True,True,True
v10-heldout_one_cycle-closed_loop_dynamic-rep1,1,0,2,v10-heldout_one_cycle-p2-v10-low-c0017,205.188793261,FP16,512,0,completed,True,True,True
v10-heldout_one_cycle-closed_loop_dynamic-rep1,1,0,2,v10-heldout_one_cycle-p2-v10-low-c0018,205.188828823,FP16,512,0,completed,True,True,True
v10-heldout_one_cycle-closed_loop_dynamic-rep1,1,0,2,v10-heldout_one_cycle-p2-v10-low-c0019,205.188861814,FP16,512,0,completed,True,True,True
v10-heldout_one_cycle-closed_loop_dynamic-rep1,1,0,2,v10-heldout_one_cycle-p2-v10-low-c0020,205.188894288,FP16,512,0,completed,True,True,True
v10-heldout_one_cycle-closed_loop_dynamic-rep1,1,0,2,v10-heldout_one_cycle-p2-v10-low-c0021,215.266352211,FP16,512,0,completed,True,True,True
v10-heldout_one_cycle-closed_loop_dynamic-rep1,1,0,2,v10-heldout_one_cycle-p2-v10-low-c0022,215.266433966,FP16,512,0,completed,True,True,True
v10-heldout_one_cycle-closed_loop_dynamic-rep1,1,0,2,v10-heldout_one_cycle-p2-v10-low-c0023,215.266491101,FP16,512,0,completed,True,True,True
v10-heldout_one_cycle-closed_loop_dynamic-rep1,1,0,2,v10-heldout_one_cycle-p2-v10-low-c0024,215.26653415,FP16,512,0,completed,True,True,True
v10-heldout_one_cycle-closed_loop_dynamic-rep1,1,0,2,v10-heldout_one_cycle-p2-v10-low-c0025,215.266585232,FP16,512,0,completed,True,True,True
v10-heldout_one_cycle-closed_loop_dynamic-rep1,1,0,2,v10-heldout_one_cycle-p2-v10-low-c0026,215.26663204,FP16,512,0,completed,True,True,True
v10-heldout_one_cycle-closed_loop_dynamic-rep1,1,0,2,v10-heldout_one_cycle-p2-v10-low-c0027,215.266677014,FP16,512,0,completed,True,True,True
v10-heldout_one_cycle-closed_loop_dynamic-rep1,1,0,2,v10-heldout_one_cycle-p2-v10-low-c0028,215.266729386,FP16,512,0,completed,True,True,True
v10-heldout_one_cycle-closed_loop_dynamic-rep1,1,0,2,v10-heldout_one_cycle-p2-v10-low-c0029,215.266775978,FP16,512,0,completed,True,True,True
v10-heldout_one_cycle-closed_loop_dynamic-rep1,1,0,2,v10-heldout_one_cycle-p2-v10-low-c0030,225.312861353,FP16,512,0,completed,True,True,True
v10-heldout_one_cycle-closed_loop_dynamic-rep1,1,0,2,v10-heldout_one_cycle-p2-v10-low-c0031,235.375888854,FP16,512,0,completed,True,True,True
v10-heldout_one_cycle-closed_loop_dynamic-rep1,1,0,2,v10-heldout_one_cycle-p2-v10-low-c0032,235.375963467,FP16,512,0,completed,True,True,True
v10-heldout_one_cycle-closed_loop_dynamic-rep1,1,0,2,v10-heldout_one_cycle-p2-v10-low-c0033,235.376011508,FP16,512,0,completed,True,True,True
v10-heldout_one_cycle-closed_loop_dynamic-rep1,1,0,2,v10-heldout_one_cycle-p2-v10-low-c0034,235.376058715,FP16,512,0,completed,True,True,True
v10-heldout_one_cycle-closed_loop_dynamic-rep1,1,0,2,v10-heldout_one_cycle-p2-v10-low-c0035,235.376092809,FP16,512,0,completed,True,True,True
v10-heldout_one_cycle-closed_loop_dynamic-rep1,1,0,2,v10-heldout_one_cycle-p2-v10-low-c0036,235.376131924,FP16,512,0,completed,True,True,True
v10-heldout_one_cycle-closed_loop_dynamic-rep1,1,0,2,v10-heldout_one_cycle-p2-v10-low-c0037,235.376162889,FP16,512,0,completed,True,True,True
v10-heldout_one_cycle-closed_loop_dynamic-rep1,1,0,2,v10-heldout_one_cycle-p2-v10-low-c0038,235.376203512,FP16,512,0,completed,True,True,True
v10-heldout_one_cycle-closed_loop_dynamic-rep1,1,0,2,v10-heldout_one_cycle-p2-v10-low-c0039,235.376241213,FP16,512,0,completed,True,True,True
v10-heldout_one_cycle-closed_loop_dynamic-rep1,1,0,2,v10-heldout_one_cycle-p2-v10-low-c0040,245.438513456,FP16,512,0,completed,True,True,True
v10-heldout_one_cycle-closed_loop_dynamic-rep1,1,0,2,v10-heldout_one_cycle-p2-v10-low-c0041,245.438590619,FP16,512,0,completed,True,True,True
v10-heldout_one_cycle-closed_loop_dynamic-rep1,1,0,2,v10-heldout_one_cycle-p2-v10-low-c0042,245.438638476,FP16,512,0,completed,True,True,True
v10-heldout_one_cycle-closed_loop_dynamic-rep1,1,0,2,v10-heldout_one_cycle-p2-v10-low-c0043,245.438689751,FP16,512,0,completed,True,True,True
v10-heldout_one_cycle-closed_loop_dynamic-rep1,1,0,2,v10-heldout_one_cycle-p2-v10-low-c0044,245.438730042,FP16,512,0,completed,True,True,True
v10-heldout_one_cycle-closed_loop_dynamic-rep1,1,0,2,v10-heldout_one_cycle-p2-v10-low-c0045,245.438773602,FP16,512,0,completed,True,True,True
v10-heldout_one_cycle-closed_loop_dynamic-rep1,1,0,2,v10-heldout_one_cycle-p2-v10-low-c0046,245.438806039,FP16,512,0,completed,True,True,True
v10-heldout_one_cycle-closed_loop_dynamic-rep1,1,0,2,v10-heldout_one_cycle-p2-v10-low-c0047,255.518383311,FP16,512,0,completed,True,True,True
v10-heldout_one_cycle-closed_loop_dynamic-rep1,1,0,2,v10-heldout_one_cycle-p2-v10-low-c0048,255.518448824,FP16,512,0,completed,True,True,True
v10-heldout_one_cycle-closed_loop_dynamic-rep1,1,0,2,v10-heldout_one_cycle-p2-v10-low-c0049,255.518484873,FP16,512,0,completed,True,True,True
v10-heldout_one_cycle-closed_loop_dynamic-rep1,1,0,2,v10-heldout_one_cycle-p2-v10-low-c0050,255.518515993,FP16,512,0,completed,True,True,True
v10-heldout_one_cycle-closed_loop_dynamic-rep1,1,0,2,v10-heldout_one_cycle-p2-v10-low-c0051,255.51855521,FP16,512,0,completed,True,True,True
v10-heldout_one_cycle-closed_loop_dynamic-rep1,1,0,2,v10-heldout_one_cycle-p2-v10-low-c0052,255.518603595,FP16,512,0,completed,True,True,True
v10-heldout_one_cycle-closed_loop_dynamic-rep1,1,0,2,v10-heldout_one_cycle-p2-v10-low-c0053,255.518637524,FP16,512,0,completed,True,True,True
v10-heldout_one_cycle-closed_loop_dynamic-rep1,1,0,2,v10-heldout_one_cycle-p2-v10-low-c0054,255.51867259,FP16,512,0,completed,True,True,True
v10-heldout_one_cycle-closed_loop_dynamic-rep1,1,0,2,v10-heldout_one_cycle-p2-v10-low-c0055,265.564039452,FP16,512,0,completed,True,True,True
v10-heldout_one_cycle-closed_loop_dynamic-rep1,1,0,2,v10-heldout_one_cycle-p2-v10-low-c0056,265.564124556,FP16,512,0,completed,True,True,True
v10-heldout_one_cycle-closed_loop_dynamic-rep1,1,0,2,v10-heldout_one_cycle-p2-v10-low-c0057,265.56418481,FP16,512,0,completed,True,True,True
v10-heldout_one_cycle-closed_loop_dynamic-rep1,1,0,2,v10-heldout_one_cycle-p2-v10-low-c0058,265.564263526,FP16,512,0,completed,True,True,True
v10-heldout_one_cycle-closed_loop_dynamic-rep1,1,0,2,v10-heldout_one_cycle-p2-v10-low-c0059,265.564329023,FP16,512,0,completed,True,True,True
v10-heldout_one_cycle-closed_loop_dynamic-rep1,1,0,2,v10-heldout_one_cycle-p2-v10-low-c0060,265.564377218,FP16,512,0,completed,True,True,True
v10-heldout_one_cycle-closed_loop_dynamic-rep1,1,0,2,v10-heldout_one_cycle-p2-v10-low-c0061,265.564425516,FP16,512,0,completed,True,True,True
v10-heldout_one_cycle-closed_loop_dynamic-rep1,1,0,2,v10-heldout_one_cycle-p2-v10-low-c0062,265.564470552,FP16,512,0,completed,True,True,True
v10-heldout_one_cycle-closed_loop_dynamic-rep1,1,0,2,v10-heldout_one_cycle-p2-v10-low-c0063,265.564500704,FP16,512,0,completed,True,True,True
