actual_last_arrival_timestamp_ns,actual_run_id,all_transitions_success,arrival_jitter_p95_s,arrival_jitter_p99_s,arrival_timing_component_s,completed_request_count,completed_request_throughput_rps,condition,controller_blocking_wall_fraction,controller_evaluate_cpu_s,controller_evaluate_wall_s,controller_trace_bookkeeping_cpu_s,controller_trace_bookkeeping_wall_s,controller_window_cpu_s,controller_window_wall_s,event_loop_lag_p95_s,event_loop_lag_p99_s,final_state_valid,generated_output_token_count,generated_token_throughput_tps,gpu_environment_sample_count,gpu_power_max_w,gpu_power_mean_w,gpu_sm_clock_mean_mhz,gpu_temperature_max_c,gpu_temperature_mean_c,hbm_used_end_bytes,hbm_used_max_bytes,hbm_used_min_bytes,hbm_used_start_bytes,initialization_transition_count,last_request_completion_timestamp_ns,measurement_duration_s,nvml_available,ordinal,output_final_consumer_lag_p95_s,output_first_consumer_lag_p95_s,output_first_consumer_lag_p99_s,pair_id,planned_last_arrival_offset_s,planned_last_arrival_timestamp_ns,post_completion_runner_s,post_last_actual_arrival_completion_tail_s,post_last_planned_arrival_drain_s,raw_run_valid,request_count,request_integrity,run_id,telemetry_lateness_p95_s,telemetry_lateness_p99_s,tpot_mean_s,tpot_p95_s,transition_count,transition_directions,transition_sequence_valid,ttft_p95_s,ttft_p99_s,workload
339923608818851,v11-phase_a-low-00-fp16,True,0.022471717999999998,0.022583002209999998,0.0013417140000058225,64,0.5469934183721104,runtime_static_fp16,0.0,0.0,0.0,0.0,0.0,0.0,0.0,0.0011704815173288808,0.0026019257580628657,True,32768,280.0606302065205,117,274.904,263.2350683760684,1723.974358974359,69.0,63.333333333333336,22264610816,22264610816,20666580992,20666580992,0,339950037646150,117.003235963,True,0,0.009739788200000002,0.0004204122,0.0005736533499999998,low-00,90.5625,339923607477137,0.010566949999997632,26.428827299,26.430169013,True,64,True,v11-phase_a-low-00-fp16,0.0012190293000000185,0.003101407390000403,0.045154224979910715,0.04805531947935421,0,[],True,2.13425508885,6.162074653509999,low_only
340102385504096,v11-phase_a-low-00-dynamic,True,0.01644587375,0.0165581407,0.0012288540000042758,64,0.5437545642011519,closed_loop_dynamic,0.01477741531068886,1.977863721,1.711997934,0.038528652,0.027306234,1.899706781,1.648337492,0.0011755544721381737,0.002977666754159106,True,32768,278.40233687098976,118,275.496,264.62825423728816,1699.957627118644,71.0,66.33050847457628,22264610816,22264610816,20624637952,20624637952,0,340129512844648,117.700161458,True,1,0.0078395436,0.00036727200000000003,0.00038700579999999995,low-00,90.5625,340102384275242,0.00909205199999974,27.127340552,27.128569406,True,64,True,v11-phase_a-low-00-dynamic,0.0011381435000004103,0.0016093962999999434,0.0449221585990093,0.04865221044138943,0,[],True,2.13060209155,6.441571527709998,low_only
340280713410244,v11-phase_a-low-01-dynamic,True,0.0137052703,0.01381630977,0.00044570000000021537,64,0.5435461330588631,closed_loop_dynamic,0.014861528896507076,2.005764404,1.721723948,0.039311476,0.028151162,1.925792268,1.658250228,0.0011436656175646933,0.001308711738092825,True,32768,278.2956201261379,118,275.246,264.4320593220339,1728.8135593220338,70.0,66.4322033898305,22264610816,22264610816,20633026560,20633026560,0,340307886764338,117.745295399,True,2,0.010579968950000003,0.00047367270000000004,0.00052501575,low-01,90.5625,340280712964544,0.008995604999995521,27.173354094,27.173799794,True,64,True,v11-phase_a-low-01-dynamic,0.0011844395000011332,0.001377750799999511,0.04562210407289628,0.048777406792172205,0,[],True,2.1454032894,6.83622909727,low_only
340458613024315,v11-phase_a-low-01-fp16,True,0.01772512805,0.01784077345,0.0017709199999984548,64,0.5455485707569149,runtime_static_fp16,0.0,0.0,0.0,0.0,0.0,0.0,0.0,0.0011448296863818541,0.0013023501029238123,True,32768,279.3208682275404,118,274.96,264.9599237288136,1698.5593220338983,70.0,66.55084745762711,22264610816,22264610816,20633026560,20633026560,0,340485350690617,117.313110932,True,3,0.007635445100000001,0.0003935618,0.00041414554999999996,low-01,90.5625,340458611253395,0.01117370999999423,26.737666302,26.739437222,True,64,True,v11-phase_a-low-01-fp16,0.0011711399000024158,0.0013533176900006438,0.044927178619159736,0.04866984070763209,0,[],True,2.1623176698499997,6.318294473939998,low_only
340635058044147,v11-phase_a-low-02-fp16,True,0.017709422500000002,0.01782127207,0.0019193969999946603,64,0.5405953789056097,runtime_static_fp16,0.0,0.0,0.0,0.0,0.0,0.0,0.0,0.00116115371347405,0.001336067274678499,True,32768,276.7848339996722,119,274.529,264.1904285714286,1720.9663865546217,70.0,66.4873949579832,22264610816,22264610816,20649803776,20649803776,0,340662871913910,118.387989423,True,4,0.0093999801,0.00100960205,0.00106670334,low-02,90.5625,340635056124750,0.009700262999999154,27.813869763,27.81578916,True,64,True,v11-phase_a-low-02-fp16,0.001141577699997498,0.0013342961400030966,0.04617498954864848,0.04986823371741683,0,[],True,2.12425100625,7.127912828749999,low_only
340813483737939,v11-phase_a-low-02-dynamic,True,0.00914576515,0.00919455495,0.0019350120000041215,64,0.5402933106587104,closed_loop_dynamic,0.01580441828564749,2.146836719,1.84232552,0.035329634,0.029773857,2.063614744,1.773238127,0.001166231767274439,0.002220020380336792,True,32768,276.63017505725975,119,275.05,262.5254705882353,1712.0168067226891,70.0,66.38655462184875,22264610816,22264676352,20658192384,20658192384,0,340841363080156,118.454178013,True,5,0.008908928100000001,0.00110289075,0.00120844942,low-02,90.5625,340813481802927,0.010400783999997998,27.879342217,27.881277229,True,64,True,v11-phase_a-low-02-dynamic,0.0011393454500009171,0.0015272710900001124,0.04633265837533635,0.05079989765812133,0,[],True,2.1437090381,8.619222547149999,low_only
340997650643485,v11-phase_a-low-03-dynamic,True,0.01077684785,0.01084698934,0.001274726000005444,64,0.544486890732299,closed_loop_dynamic,0.013221063199997137,1.724597532,1.527888481,0.034333225,0.026139833,1.650647036,1.468716165,0.001157576043624431,0.002398621028987691,True,32768,278.77728805493706,118,274.442,265.13080508474576,1696.906779661017,71.0,67.15254237288136,22264610816,22264610816,20683358208,20683358208,0,341024619369530,117.541856543,True,6,0.00998717445,0.00475263515,0.00478568992,low-03,90.5625,340997649368759,0.009355771999992157,26.968726045,26.970000771,True,64,True,v11-phase_a-low-03-dynamic,0.0011691550000030304,0.0014906321000017553,0.044969517746208415,0.04847026352857143,0,[],True,2.1424319231499998,5.934718260489997,low_only
341179530996907,v11-phase_a-low-03-fp16,True,0.0116676435,0.01178397953,0.0025558859999961214,64,0.544947879476225,runtime_static_fp16,0.0,0.0,0.0,0.0,0.0,0.0,0.0,0.0011873060022480784,0.0030119868507608727,True,32768,279.0133142918272,118,275.229,265.8642627118644,1703.0084745762713,72.0,68.02542372881356,22264610816,22264610816,20674969600,20674969600,0,341206397663820,117.442424148,True,7,0.0108185317,0.0005084723500000001,0.0005645766400000001,low-03,90.5625,341179528441021,0.010701349000001414,26.866666913,26.869222799,True,64,True,v11-phase_a-low-03-fp16,0.0012117139500041675,0.005053816179999391,0.043576708718321915,0.04815865665909981,0,[],True,2.14735924545,6.337681864169999,low_only
341358190522017,v11-phase_a-low-04-fp16,True,0.01545289855,0.01556192366,0.0014224899999959462,64,0.5232022325005906,runtime_static_fp16,0.0,0.0,0.0,0.0,0.0,0.0,0.0,0.0012758168042637408,0.001991756499046457,True,32768,267.8795430403024,123,275.038,258.91571544715447,1719.7560975609756,70.0,66.86178861788618,22264610816,22264610816,20633026560,20633026560,0,341389941361858,122.323637065,True,8,0.0082708247,0.00180241895,0.00186514427,low-04,90.5625,341358189099527,0.008874734000002604,31.750839841,31.752262331,True,64,True,v11-phase_a-low-04-fp16,0.0012999074499990826,0.001842109059998123,0.050669842726272014,0.0555848455334638,0,[],True,2.19518875665,8.675368453929998,low_only
341595100022079,v11-phase_a-low-04-dynamic,True,0.06572330205,0.06582885948,0.004099449999998228,64,0.49622423380962716,closed_loop_dynamic,0.018674586511009974,2.745633278,2.336232272,0.083120403,0.072302933,2.552691913,2.158875281,0.0014754864794667808,0.545384635158115,True,32768,254.0668077105291,129,276.166,247.61317054263566,1772.7906976744187,69.0,64.48062015503876,21268463616,22300262400,16463888384,20649803776,0,341633494718120,128.973950967,True,9,0.014656751400000003,0.0013558236,0.0014033000199999998,low-04,90.5625,341595095922629,0.012655476000020371,38.394696041,38.398795491,True,64,True,v11-phase_a-low-04-dynamic,0.0013885192499962784,0.6344877200999983,0.06064740764591487,0.07438602929197652,2,"['FP16_TO_AWQ_MARLIN_W4_16', 'AWQ_MARLIN_W4_16_TO_FP16']",False,6.63231537515,10.642805389019976,low_only
341835046902607,v11-phase_a-low-05-dynamic,True,0.0362881674,0.03635950308,0.001908717000006277,64,0.5052086477402817,closed_loop_dynamic,0.017962185869910784,2.500635049,2.216007561,0.069365341,0.059448136,2.333917713,2.064161007,0.0013041781843639911,0.03180634646443532,True,32768,258.66682764302425,127,276.289,257.0693385826772,1751.8110236220473,70.0,65.55905511811024,22851813376,22851813376,20683358208,20683358208,0,341871148668974,126.680333534,True,10,0.01239944955,0.0012002004000000001,0.00127034842,low-05,90.5625,341835044993890,0.014158449999996492,36.101766367,36.103675084,True,64,True,v11-phase_a-low-05-dynamic,0.00137408279999524,0.02536697767999495,0.05425434622394814,0.062328519654598825,0,[],True,3.40151055945,7.122472062219975,low_only
342072767179352,v11-phase_a-low-05-fp16,True,0.0334130053,0.033494500770000005,0.0017203409999950736,64,0.5220400799927,runtime_static_fp16,0.0,0.0,0.0,0.0,0.0,0.0,0.0,0.001294929999858141,0.0029025485273450613,True,32768,267.2845209562624,123,274.985,259.9049674796748,1735.6097560975609,70.0,65.5609756097561,22264610816,22264610816,20674969600,20674969600,0,342104784243684,122.595950872,True,11,0.012928579850000002,0.0015756713000000002,0.00165293174,low-05,90.5625,342072765459011,0.014666199000004099,32.017064332,32.018784673,True,64,True,v11-phase_a-low-05-fp16,0.0013567955000013399,0.003504383800001831,0.05012017602421722,0.053507241754403134,0,[],True,2.1265549428,8.865605126399998,low_only
342300430211426,v11-phase_a-low-06-fp16,True,0.029733148499999997,0.02979545191,0.002058347000001959,64,0.5220709002099913,runtime_static_fp16,0.0,0.0,0.0,0.0,0.0,0.0,0.0,0.0012673799938056618,0.00937734596664086,True,32768,267.3003009075155,123,274.976,258.85541463414637,1743.2926829268292,69.0,65.04065040650407,22264610816,22264610816,20683358208,20683358208,0,342332442524722,122.588713476,True,12,0.01076728095,0.0006760445500000001,0.0007033127499999999,low-06,90.5625,342300428153079,0.011841832999991198,32.012313296,32.014371643,True,64,True,v11-phase_a-low-06-fp16,0.0012547465000025682,0.05094133650000085,0.051985941198354944,0.0564299666165362,0,[],True,2.173211791,9.90566620356,low_only
342529924834887,v11-phase_a-low-06-dynamic,True,0.0272989561,0.02741161099,0.004700188000001049,64,0.511967477491258,closed_loop_dynamic,0.018286517980991325,2.501889924,2.226688097,0.073510674,0.059271856,2.336080856,2.078908921,0.0023756721842801234,0.015695565663627675,True,32768,262.1273484755241,125,275.11,258.126192,1725.6,70.0,65.368,22264610816,22264610816,20649803776,20649803776,0,342564349868928,125.00794057,True,13,0.01013521755,0.0008020190000000001,0.00089871224,low-06,90.5625,342529920134699,0.015706340999997792,34.425034041,34.429734229,True,64,True,v11-phase_a-low-06-dynamic,0.0013382284499995124,0.0018073479900053253,0.052127770935848826,0.05854518423062623,0,[],True,2.1526664943,9.172931786209999,low_only
342762791475239,v11-phase_a-low-07-dynamic,True,0.04691302395,0.04699847007,0.0012551349999938566,64,0.517031904930248,closed_loop_dynamic,0.017365959579286286,2.360611194,2.09326421,0.066367847,0.056354416,2.215102458,1.954764499,0.0012715685152215883,0.0061750665481667966,True,32768,264.72033532428696,124,275.135,259.19193548387096,1738.7903225806451,70.0,65.2258064516129,22264610816,22264610816,20674969600,20674969600,0,342795997160950,123.783463631,True,14,0.01120403415,0.0011352750999999999,0.00116103166,low-07,90.5625,342762790220104,0.014022785000008753,33.205685711,33.206940846,True,64,True,v11-phase_a-low-07-dynamic,0.0013616272500005522,0.002474215599997365,0.05169753959286326,0.05738674043992172,0,[],True,2.1624436618500003,9.66258311083,low_only
342987824965825,v11-phase_a-low-07-fp16,True,0.041869027450000006,0.041959189790000004,0.002191358000004584,64,0.5222563132692281,runtime_static_fp16,0.0,0.0,0.0,0.0,0.0,0.0,0.0,0.001660747453570366,0.013397541973972693,True,32768,267.39523239384476,123,275.112,259.29639024390247,1741.8292682926829,70.0,65.85365853658537,22264610816,22264610816,20666580992,20666580992,0,343019790080185,122.54519165,True,15,0.0125100326,0.00061648155,0.0006811236399999999,low-07,90.5625,342987822774467,0.015385932000000935,31.96511436,31.967305718,True,64,True,v11-phase_a-low-07-fp16,0.0012895349999979544,0.017933672999993742,0.0508570209168909,0.05538802295714285,0,[],True,2.1850961835500002,9.42215360816,low_only
343213398119645,v11-phase_a-low-08-fp16,True,0.0375543214,0.037657357780000004,0.0021954590000063945,64,0.522154357712384,runtime_static_fp16,0.0,0.0,0.0,0.0,0.0,0.0,0.0,0.0012288354919292033,0.0028484999493230134,True,32768,267.34303114874064,123,275.085,260.20979674796746,1746.219512195122,71.0,66.26016260162602,22264610816,22264610816,20666580992,20666580992,0,343245390127719,122.569119753,True,16,0.012122166750000002,0.0008025789500000001,0.0008205565199999999,low-08,90.5625,343213395924186,0.01241621999999154,31.992008074,31.994203533,True,64,True,v11-phase_a-low-08-fp16,0.0012532135000000721,0.011683490200001803,0.050718495470156555,0.05509871040264188,0,[],True,2.18200009025,9.092223796999999,low_only
343431960567780,v11-phase_a-low-08-dynamic,True,0.0401896963,0.04025690588,0.0012544270000063307,64,0.5247398199719464,closed_loop_dynamic,0.01713630421625455,2.324508064,2.045007381,0.057021194,0.045025485,2.202316744,1.93528042,0.0012759754026774313,0.00643109937780531,True,32768,268.66678782563656,122,274.864,260.66352459016395,1725.4918032786886,70.0,66.27868852459017,22264610816,22264610816,20683358208,20683358208,0,343463355621608,121.965205544,True,17,0.00953087295,0.0009373871500000001,0.0009954864399999998,low-08,90.5625,343431959313353,0.006397289000005912,31.395053828,31.396308255,True,64,True,v11-phase_a-low-08-dynamic,0.0012838235499991412,0.0022602267599988756,0.05078382237671233,0.05897249427485323,0,[],True,2.1789392984,9.19000998932,low_only
343617921634279,v11-phase_a-low-09-dynamic,True,0.01146290045,0.01157374486,0.002152890000004959,64,0.539647136392879,closed_loop_dynamic,0.015012357453387502,2.038207459,1.750774037,0.035980426,0.029631736,1.956172601,1.682803349,0.0011802656343206758,0.0016897194902412579,True,32768,276.29933383315404,119,275.219,265.1938655462185,1711.2605042016808,70.0,66.89075630252101,22264610816,22264610816,20633026560,20633026560,0,343645943171905,118.596015218,True,18,0.0096497512,0.00048661545,0.0005511862199999999,low-09,90.5625,343617919481389,0.009824702000003072,28.021537626,28.023690516,True,64,True,v11-phase_a-low-09-dynamic,0.0011675179000015135,0.0020862453600008733,0.04504706788940191,0.050118625225733855,0,[],True,2.1349153422,7.060222284729998,low_only
343800848372192,v11-phase_a-low-09-fp16,True,0.010437399600000001,0.01053450737,0.001593354999997132,64,0.529262996554783,runtime_static_fp16,0.0,0.0,0.0,0.0,0.0,0.0,0.0,0.0011979870381765066,0.002414323624689137,True,32768,270.9826542360489,121,276.504,262.09996694214874,1726.8595041322315,70.0,66.80165289256199,22264610816,22264610816,20649803776,20649803776,0,343831200911751,120.922869002,True,19,0.00915724115,0.00047703505,0.00050102604,low-09,90.5625,343800846778837,0.006236087999994311,30.352539559,30.354132914,True,64,True,v11-phase_a-low-09-fp16,0.0011964016999989726,0.004253743960002124,0.049125200638178816,0.0525822339851272,0,[],True,2.1649884082999997,8.66555245829,low_only
344000648750074,v11-phase_a-low-10-fp16,True,0.02474200875,0.02490028397,0.0015920639999933428,64,0.527431525352912,runtime_static_fp16,0.0,0.0,0.0,0.0,0.0,0.0,0.0,0.0011917944124434142,0.0014994808565825127,True,32768,270.04494098069097,122,274.662,261.8508770491803,1724.3852459016393,70.0,65.88524590163935,22264610816,22264610816,20683358208,20683358208,0,344031417383796,121.342765693,True,20,0.010326098050000001,0.00046974915000000004,0.00048412830999999996,low-10,90.5625,344000647158010,0.010039907000006565,30.768633722,30.770225786,True,64,True,v11-phase_a-low-10-fp16,0.0011790585000017728,0.0014151053999997352,0.04901165562276786,0.053049739923483365,0,[],True,2.1685933975,8.573239241729997,low_only
344197890915141,v11-phase_a-low-10-dynamic,True,0.0224384797,0.02253806698,0.0014053299999972069,64,0.5288956586168714,closed_loop_dynamic,0.014927304520785717,2.010855227,1.766804523,0.049617481,0.039501643,1.901944737,1.670937638,0.0012032099242787811,0.003069149773218654,True,32768,270.79457721183815,121,276.557,261.9407438016529,1725.2479338842975,71.0,66.22314049586777,22264610816,22264610816,20649803776,20649803776,0,344228322739722,121.006854485,True,21,0.010439307500000002,0.0004899801,0.0006995073399999987,low-10,90.5625,344197889509811,0.011124574000007215,30.431824581,30.433229911,True,64,True,v11-phase_a-low-10-dynamic,0.0011937599500019048,0.003719991130004967,0.048416951789352985,0.05228394287309198,0,[],True,2.160145118,8.50900297381,low_only
344395971809995,v11-phase_a-low-11-dynamic,True,0.03186071475,0.03192920391,0.0024735599999985425,64,0.5299315109965566,closed_loop_dynamic,0.015410951022767846,2.087013475,1.821483771,0.045531233,0.039701769,1.975203726,1.722335675,0.0011923375073820354,0.0030492664990015334,True,32768,271.32493363023696,121,274.562,262.27763636363636,1740.9917355371902,70.0,66.27272727272727,22264610816,22264610816,20658192384,20658192384,0,344426168077320,120.77032347,True,22,0.009116758,0.0005017098,0.0005228895399999999,low-11,90.5625,344395969336435,0.009082584999987375,30.196267325,30.198740885,True,64,True,v11-phase_a-low-11-dynamic,0.001179966149999601,0.0054589320700032425,0.04826639901033513,0.051318370207729946,0,[],True,2.1440724967,7.304610792819999,low_only
344590576922703,v11-phase_a-low-11-fp16,True,0.04901660045,0.04911476896,0.0005621520000005376,64,0.5364217687255958,runtime_static_fp16,0.0,0.0,0.0,0.0,0.0,0.0,0.0,0.0011956209782510996,0.0031617472530342705,True,32768,274.64794558750503,120,274.604,264.0919666666667,1726.875,71.0,66.39166666666667,22264610816,22264610816,20683358208,20683358208,0,344619315054512,119.309102895,True,23,0.0080124946,0.00041494425,0.00045682963999999995,low-11,90.5625,344590576360551,0.00790893399999959,28.738131809,28.738693961,True,64,True,v11-phase_a-low-11-fp16,0.001222050100000538,0.0024887483599974124,0.046599368673189825,0.05001249550225049,0,[],True,2.16463667265,6.706059363589996,low_only
