source,transition_id,direction,status,active_request_count,used_kv_blocks,total_ms,boundary_cuda_sync_ms,layer_total_ms,layer_cuda_sync_ms,weight_cleanup_ms,kv_resize_ms,bookkeeping_residual_ms,h2d_bytes,d2h_bytes,d2d_bytes,per_layer_count,base_blocks,physical_blocks_after,allocated_bytes_before,allocated_bytes_after,reserved_bytes_before,reserved_bytes_after,transition_peak_allocated_bytes,max_layer_coexist_allocated_bytes,free_bytes_before,free_bytes_after
state-morph,1,FP16_TO_AWQ_MARLIN_W4_16,success,2,4,711.42626,0.431863,268.798294,201.886314,303.207089,56.554005,82.435009,1813250048,16777216,0,16,1759,4170,19831697408,19727186432,20235419648,20514340864,19945290752,19945290752,4646240256,4367319040
state-roundtrip,1,FP16_TO_AWQ_MARLIN_W4_16,success,2,4,696.913122,0.423472,257.350878,215.471309,303.012974,55.648078,80.47772,1813250048,16777216,0,16,1759,4170,19840217088,19736197632,20235419648,20514340864,19953810432,19953810432,4637851648,4358930432
state-roundtrip,2,AWQ_MARLIN_W4_16_TO_FP16,success,2,4,1520.333652,0.03517,1038.709632,972.064898,196.867937,274.521583,10.19933,6979584000,16777216,0,16,1759,1759,19753236992,19857256448,20518535168,20237516800,19971111936,19971111936,4337958912,4618977280
capacity-cycles,1,FP16_TO_AWQ_MARLIN_W4_16,success,0,0,676.684274,0.094106,261.271136,212.930931,282.449437,121.158124,11.711471,1813250048,0,0,16,1759,4170,19797618688,19693632000,20233322496,20631781376,19911212032,19911212032,4681891840,4283432960
capacity-cycles,2,AWQ_MARLIN_W4_16_TO_FP16,success,1,2,1592.600079,0.098108,1025.371794,947.600705,215.40605,339.050916,12.673211,6979584000,8388608,2097152,16,1759,1759,19693633024,19797652480,20631781376,20237516800,19911507968,19911507968,4283432960,4677697536
capacity-cycles,3,FP16_TO_AWQ_MARLIN_W4_16,success,0,0,660.984948,0.070153,271.437133,210.513183,292.057676,79.285883,18.134103,1813250048,0,0,16,1759,4170,19797652480,19693370880,20239613952,20866662400,19910983680,19910983680,4675600384,4048551936
capacity-cycles,4,AWQ_MARLIN_W4_16_TO_FP16,success,0,2,1510.205093,0.064536,1044.499082,963.727262,200.636159,251.208307,13.797009,6979584000,8388608,4194304,16,1759,1759,19693371904,19797653504,20866662400,20472397824,19911246848,19911246848,4048551936,4442816512
capacity-cycles,5,FP16_TO_AWQ_MARLIN_W4_16,success,0,0,585.977012,0.049744,267.1972,216.925837,246.643927,57.45667,14.629471,1813250048,0,0,16,1759,4170,19797653504,19693076992,20472397824,20866662400,19910984704,19910984704,4442816512,4048551936
capacity-cycles,6,AWQ_MARLIN_W4_16_TO_FP16,success,0,2,1478.674636,0.074276,1045.098955,987.836855,184.247438,234.820669,14.433298,6979584000,8388608,4194304,16,1759,1759,19693076992,19797653504,20866662400,20241711104,19910984704,19910984704,4048551936,4673503232
